Q9TZ38|O18302|2.575
O45799|Q9XV36|2.575
P50488|O45799|2.575
Q95QI7|Q9U1S2|2.575
Q10664|G5EFL5|2.575
P54936|Q17746|2.575
P54936|Q18624|2.575
P54936|P37806|2.575
P54936|Q9TVM0|2.575
P54936|P34504|2.575
P54936|P17330|2.575
G5EDU7|P13508|2.575
P29355|Q9TYS3|2.575
P29355|Q20473|2.575
P29355|Q19019|2.575
P29355|P91482|2.575
P34684|Q9N5G3|2.575
P39745|G5EBY5|2.575
P34427|Q19989|2.575
P34427|P90900|2.575
P34427|O01861|2.575
P34427|Q22631|2.575
P34427|Q23158|2.575
P34427|Q9U1T5|2.575
Q27365|O01861|2.575
Q27365|Q19989|2.575
P34284|Q23451|2.575
O17695|Q94301|2.575
O45495|Q93576|2.575
O45495|P29691|2.575
Q9XW40|P29691|2.575
Q9U2I2|Q17746|2.575
Q23255|O44199|2.575
Q23451|Q17569|2.575
Q23451|Q93228|2.575
Q23451|O16741|2.575
Q23451|Q9TYJ9|2.575
O76384|P91427|2.575
P52478|O01530|2.575
Q9XYP0|O62339|2.575
Q95QA3|Q95X42|2.575
O45189|Q21648|2.575
O45189|Q7Z153|2.575
O45189|Q9XUM8|2.575
Q9GZG8|Q22544|2.575
O02043|Q22243|2.575
O18118|Q09975|2.575
O18118|O76840|2.575
O18118|P05690|2.575
O18118|Q9NES7|2.575
Q17339|Q22347|2.575
P91829|Q18241|2.575
Q17381|Q22030|2.575
Q20187|O17981|2.575
Q23158|Q93696|2.575
Q23158|Q94241|2.575
Q23158|Q20979|2.575
Q23158|Q8WQL7|2.575
Q23158|Q23049|2.575
Q23158|Q9U304|2.575
Q23158|Q23023|2.575
Q23158|P91563|2.575
Q23158|Q23546|2.575
Q9U9Y8|O44490|2.575
Q9U9Y8|Q20709|2.575
Q9U9Y8|P91503|2.575
Q9U9Y8|Q8MPS9|2.575
Q9U9Y8|Q9BL68|2.575
O45521|Q19554|2.575
O45521|O01301|2.575
O45521|Q9N5S5|2.575
O45521|P91349|2.575
O45521|O45603|2.575
O45521|O45799|2.575
O45521|Q9U1X3|2.575
O45521|Q9N2Z7|2.575
Q09989|Q19275|2.575
P90814|G5ED84|2.575
Q20483|P46769|2.575
Q20483|P34766|2.575
Q10454|G5ED84|2.575
Q9XTS1|Q10902|2.575
Q9XTS1|Q9XW88|2.575
Q9Y048|P34258|2.575
Q9Y048|Q19286|2.575
Q9Y048|Q20398|2.575
Q9Y048|Q21036|2.575
Q9Y048|P34552|2.575
Q9Y048|P91503|2.575
Q20577|O76840|2.575
Q20577|P34504|2.575
Q20577|Q23015|2.575
Q20577|Q22631|2.575
Q20577|Q9U2W6|2.575
Q20577|A5A8P8|2.575
P41999|Q18241|2.575
P41999|Q8MQ04|2.575
Q03563|P91306|2.575
Q20289|Q9NES7|2.575
Q20347|G5ED84|2.575
Q20347|Q9N4Q7|2.575
O17100|Q94207|2.575
Q95QG4|P10986|2.575
P91016|G5EC64|2.575
O16198|O16453|2.575
O16198|Q9TYS3|2.575
O16198|Q9NF14|2.575
O16500|Q17400|2.575
O16500|O16511|2.575
O16500|O16500|2.575
O16500|Q09975|2.575
O16500|O17970|2.575
O16500|Q27383|2.575
G5EFL5|Q17353|2.575
G5EFL5|Q20956|2.575
G5EFL5|Q95ZL4|2.575
G5EFL5|Q22227|2.575
G5EFL5|Q22459|2.575
G5EFL5|P91820|2.575
G5EFL5|G5EBY5|2.575
G5EFL5|Q9BIB7|2.575
G5EFL5|Q9BIC1|2.575
G5EFL5|Q8MXR2|2.575
Q9UAX1|Q21067|2.575
Q22510|Q21648|2.575
P34568|Q17850|2.575
Q22534|O17763|2.575
Q22534|Q19101|2.575
Q22534|Q19989|2.575
Q22534|Q09560|2.575
Q22534|O44490|2.575
Q22534|Q21036|2.575
Q22534|Q21049|2.575
Q9TZ38|Q86MD4|2.575
Q9TZ38|O16552|2.575
Q9TZ38|Q9XVS2|2.575
Q9TZ38|Q18529|2.575
Q9TZ38|Q18776|2.575
Q9TZ38|Q966M3|2.575
Q9TZ38|Q19101|2.575
Q9TZ38|Q95ZV9|2.575
Q9TZ38|P02566|2.575
Q9TZ38|Q19989|2.575
Q9TZ38|Q09560|2.575
Q9TZ38|G5EGK8|2.575
Q9TZ38|O44490|2.575
Q9TZ38|O45521|2.575
Q9TZ38|Q9N5S5|2.575
Q9TZ38|Q20681|2.575
Q9NAM6|G5ED84|2.575
Q9NAM6|Q9N4B8|2.575
Q9U2Z5|G5ED84|2.575
Q9N597|P46561|2.575
Q9N597|P34766|2.575
Q9N597|Q09530|2.575
Q9N597|P50880|2.575
Q9N597|Q22656|2.575
Q9N593|Q95ZT1|2.575
Q95Y80|Q20798|2.575
Q9XXI4|G5ED84|2.575
Q9XXI0|O76840|2.575
Q9XXI0|Q18529|2.575
Q9XXI0|P34504|2.575
Q9XXI0|Q22631|2.575
Q9U2Q9|Q9N5V2|2.575
Q9U2Q9|Q19902|2.575
Q9U2Q9|Q22436|2.575
Q9XW13|Q20476|2.575
Q9XW13|O45551|2.575
Q9XW13|Q22012|2.575
Q21271|P41886|2.575
Q21271|G5ED84|2.575
Q21266|P34766|2.575
Q21307|P91249|2.575
Q9TZ38|Q95ZS6|2.575
Q9TZ38|P90900|2.575
Q9TZ38|Q21701|2.575
Q9XTC6|Q23012|2.575
Q9XTC6|Q9BI61|2.575
Q9TYT3|Q18529|2.575
O44732|O44656|2.575
P53806|Q86MD4|2.575
Q93794|Q21701|2.575
Q9XUY5|O62236|2.575
O45577|O18672|2.575
O45577|Q21126|2.575
O45115|Q95ZS6|2.575
O44977|Q9TW67|2.575
O01840|Q9XW88|2.575
O44739|Q10902|2.575
P34885|O45313|2.575
P34475|Q95ZT1|2.575
Q21029|P34766|2.575
Q21029|P53013|2.575
Q9GT24|Q22847|2.575
Q9GT24|Q27864|2.575
Q21038|O44847|2.575
Q22174|Q95R06|2.575
Q22174|P35602|2.575
Q22174|Q21898|2.575
Q22174|Q22227|2.575
Q22174|Q22387|2.575
Q22174|O17005|2.575
Q22174|O16997|2.575
Q22174|Q9N3Z0|2.575
Q22174|Q9GUI3|2.575
Q22174|P91563|2.575
Q22174|Q23356|2.575
Q22174|P34604|2.575
Q22174|P34611|2.575
Q22174|Q95X87|2.575
Q22179|Q18620|2.575
Q22179|Q09511|2.575
Q22179|Q22183|2.575
Q22179|Q22352|2.575
Q22179|Q9NES7|2.575
Q22179|Q9N4Z3|2.575
Q21307|G5ED84|2.575
G5EDU7|Q19969|2.575
Q21319|Q18529|2.575
Q21319|O44400|2.575
Q21319|Q9U1S2|2.575
Q21318|O44400|2.575
Q8I0M4|O45603|2.575
Q18964|Q95Q59|2.575
Q18964|O61521|2.575
Q18964|Q95ZS5|2.575
Q18964|Q23187|2.575
Q18964|Q9N431|2.575
Q18964|Q9N4G8|2.575
P90786|O62213|2.575
Q22799|O17641|2.575
Q22799|O45436|2.575
Q22799|Q9U2M6|2.575
Q22799|Q965U2|2.575
Q22837|P41999|2.575
Q22837|O45521|2.575
Q22837|Q20798|2.575
Q22837|Q95Y82|2.575
Q22837|Q965X6|2.575
P91505|O16511|2.575
P91505|O16500|2.575
P91505|O16501|2.575
P91505|O16502|2.575
P91505|Q18066|2.575
P91505|Q21443|2.575
P91505|P46502|2.575
P91505|Q19981|2.575
P91505|O44820|2.575
P91505|Q21465|2.575
P91505|O18209|2.575
Q23130|P46822|2.575
P39745|Q9N5V2|2.575
P39745|P91249|2.575
P39745|Q20772|2.575
P39745|G5ED84|2.575
P39745|Q8MPS9|2.575
P39745|Q9N3Y1|2.575
Q93721|Q8MM07|2.575
Q93721|Q22886|2.575
Q93721|Q09983|2.575
Q93721|Q19989|2.575
Q93721|Q21746|2.575
Q93721|P91503|2.575
Q93721|O18302|2.575
Q8I0M4|Q9U1X3|2.575
P34657|P91328|2.575
Q09665|P06125|2.575
Q09485|P43510|2.575
Q09485|Q18529|2.575
Q09485|P34576|2.575
Q09485|Q21418|2.575
Q09485|G5ED84|2.575
P91080|O76840|2.575
P91080|Q09983|2.575
P91080|Q22631|2.575
P34430|P34766|2.575
Q8MXK0|Q8T7Z0|2.575
O45521|Q03563|2.575
O45521|O18672|2.575
Q8MM07|Q22886|2.575
Q8MM07|P34269|2.575
Q8MM07|O01497|2.575
Q8MM07|Q9BKP1|2.575
Q8MM07|Q20979|2.575
Q8MM07|Q22631|2.575
Q8MM07|O45799|2.575
Q8MM07|Q9U1U0|2.575
Q8MM07|O18302|2.575
O01427|P52717|2.575
Q17446|Q19300|2.575
Q17446|O16454|2.575
Q17446|Q20772|2.575
Q17446|Q86G90|2.575
Q17446|Q22436|2.575
Q17446|G5ED84|2.575
Q17446|Q9U2D9|2.575
O16488|Q21746|2.575
Q9XVR6|P35129|2.575
Q18240|Q10930|2.575
Q09476|Q20956|2.575
Q09477|Q18616|2.575
Q09477|Q09560|2.575
Q09477|Q22227|2.575
O44949|P10038|2.575
O44949|P34766|2.575
P90771|O18302|2.575
O44606|O17970|2.575
O44606|O44606|2.575
O44606|Q27383|2.575
O44606|O62415|2.575
O44606|Q9NES7|2.575
O44606|Q9N4I4|2.575
O44608|G5ED84|2.575
Q21945|P34766|2.575
P45897|Q18529|2.575
P45897|Q9TYS2|2.575
P45897|Q22030|2.575
P45897|O17038|2.575
P45897|Q23150|2.575
P45897|Q9U1S2|2.575
Q95Y94|Q17771|2.575
P45896|G5ED84|2.575
P45896|Q9U2S4|2.575
Q09997|P34766|2.575
P52478|Q23090|2.575
Q45FX5|Q09967|2.575
Q45FX5|P34766|2.575
Q45FX5|P53013|2.575
Q45FX5|Q22847|2.575
Q45FX5|Q9XW88|2.575
O01502|Q7Z153|2.575
Q9TZ38|G5EFL5|2.575
Q9TZ38|Q22489|2.575
Q9TZ38|Q22631|2.575
Q9TZ38|P91503|2.575
Q9TZ38|Q9BIC1|2.575
Q9TZ38|Q2XMY4|2.575
Q9TZ38|Q9N3C6|2.575
Q9TZ38|Q9N4B8|2.575
Q9TZ38|Q23081|2.575
Q9TZ38|P34609|2.575
Q9TZ38|O16682|2.575
Q8MQ56|Q9XX00|2.575
Q9TZ38|Q95PV5|2.575
O45904|Q93637|2.575
O45904|O45521|2.575
O45904|Q20845|2.575
O76840|Q18688|2.575
P46941|Q27475|2.575
P46941|Q09510|2.575
P46941|O45712|2.575
P46941|Q22378|2.575
P46941|O17020|2.575
P46941|Q23671|2.575
Q95NT3|O17209|2.575
Q93375|P34766|2.575
Q93375|P41829|2.575
Q93375|Q95ZT1|2.575
Q93375|Q22847|2.575
Q09506|Q95QG5|2.575
Q9GYJ3|Q9NES7|2.575
Q22174|Q17336|2.575
Q22174|Q20398|2.575
Q22174|O45521|2.575
O18302|P46769|2.575
O18302|Q22886|2.575
O18302|Q95QX2|2.575
O18302|Q18529|2.575
O18302|Q95QR2|2.575
O18302|Q19204|2.575
O18302|O62399|2.575
O18302|O45521|2.575
O18302|Q20712|2.575
O18302|O77469|2.575
O18302|Q20956|2.575
O18302|Q93831|2.575
O18302|Q9N5N7|2.575
O18302|Q21418|2.575
O18302|Q9TYX3|2.575
O18302|O45734|2.575
O18302|Q22354|2.575
O18302|P91820|2.575
O18302|O45865|2.575
O18302|Q965X6|2.575
O18302|Q9N3Z0|2.575
O18302|P91563|2.575
Q23646|Q9TYS3|2.575
O45904|O62305|2.575
O45904|P32742|2.575
O45904|Q8MXH2|2.575
O45904|Q23445|2.575
O18191|Q9XTS1|2.575
Q8ITY3|O16511|2.575
Q8ITY3|O16500|2.575
Q07372|Q09417|2.575
Q9Y1J3|Q27873|2.575
Q21094|Q22631|2.575
O17915|G5ED84|2.575
Q09584|Q9XU77|2.575
Q09584|G5ED84|2.575
O17927|Q18688|2.575
P34512|Q93654|2.575
Q22227|O02365|2.575
Q22227|Q9N3Z0|2.575
Q22227|G5ECG0|2.575
O16519|Q9XUQ4|2.575
O16519|Q9GRY9|2.575
Q22327|Q20933|2.575
P45970|G5ECY0|2.575
Q27518|Q95ZT1|2.575
Q10051|P34604|2.575
G5EFL5|Q9XVF7|2.575
G5EFL5|Q10929|2.575
G5EFL5|G5ECY0|2.575
G5EFL5|Q18241|2.575
G5EFL5|Q18688|2.575
O16922|Q21215|2.575
Q22227|P54815|2.575
Q22534|Q20398|2.575
O18118|Q17400|2.575
Q9TZ38|Q9N4Q7|2.575
Q9XXI0|Q9U1T5|2.575
Q9U2I2|Q23345|2.575
Q95XR5|Q9TVY5|2.575
Q95XR5|G5EFV3|2.575
Q9UAH1|P34609|2.575
Q09596|P49595|2.575
Q09596|Q21201|2.575
Q09596|Q19503|2.575
Q09596|P90831|2.575
Q17390|Q2WF59|2.575
O18209|Q21021|2.575
G5ECG0|G5ECY0|2.575
G5ECG0|Q21443|2.575
G5ECG0|P91400|2.575
Q9U757|G5EDD8|2.575
Q9N4E9|Q09496|2.575
Q9N4E9|G5EGK8|2.575
Q95QC4|Q04908|2.575
Q23457|Q02335|2.575
Q09996|Q09560|2.575
Q9BKS1|P17221|2.575
P09446|O17253|2.575
Q9U1R1|Q21648|2.575
Q22708|Q21648|2.575
Q10667|Q21648|2.575
O18302|Q21747|2.575
Q9NEX4|A5JYY2|2.575
Q9U2X1|O18302|2.575
G5EFV3|Q9GRZ1|2.575
Q9XTU9|O18289|2.575
Q9NAE9|O76449|2.575
O18218|Q9U1W1|2.575
O18218|Q9N4P3|2.575
Q9N368|Q9N4P3|2.575
Q9NA56|Q9XWH5|2.575
Q5WRL0|Q9U1T5|2.575
Q9U1T5|Q9U1T5|2.575
Q23246|Q09382|2.575
Q22708|Q9N4P3|2.575
Q10667|Q9N4P3|2.575
Q9XXL3|Q09382|2.575
Q23672|O18302|2.575
Q19016|P41828|2.575
P53806|Q0G819|2.575
P28548|Q94160|2.575
Q17400|Q21746|2.575
Q17400|Q9U1T5|2.575
Q17425|P54811|2.575
Q19016|Q8MM07|2.575
O44590|Q8MM07|2.575
Q8MM07|Q5WRL0|2.575
Q10910|O61521|2.575
Q10910|Q9N431|2.575
Q93156|Q9XU77|2.575
Q93156|Q21648|2.575
Q17436|P34376|2.575
Q9XXL3|Q17436|2.575
O61742|Q5WRL0|2.575
O61742|Q9U1T5|2.575
Q9N2K6|P18334|2.575
O44168|Q9U2K7|2.575
Q20660|Q17473|2.575
Q7JMA9|Q10930|2.575
Q17396|O01839|2.575
P46562|O18302|2.575
O17761|Q95R06|2.575
O17761|O17253|2.575
O17761|Q9U1W5|2.575
Q19467|Q19101|2.575
A5JYW9|Q95R06|2.575
Q9XVA3|Q19209|2.575
Q19213|Q688Z9|2.575
Q65CM0|Q5WRL0|2.575
Q65CM0|Q9U1T5|2.575
Q65CM0|O18289|2.575
O17200|O01482|2.575
Q9XVC5|O01482|2.575
Q8MXV3|O01482|2.575
P53014|O18246|2.575
Q19275|Q6AHQ8|2.575
A7DTF5|Q19289|2.575
Q19289|Q9NES0|2.575
A7DTF5|Q19286|2.575
Q20660|Q86NH9|2.575
Q9N4A7|Q19386|2.575
P50464|Q9U1T5|2.575
Q17359|O45539|2.575
O17569|Q17549|2.575
Q9N360|Q18030|2.575
O62068|Q18043|2.575
Q9U1R1|Q18043|2.575
Q22708|Q18043|2.575
O62068|Q21127|2.575
O62068|P92004|2.575
O62068|Q22592|2.575
O62068|Q65CM6|2.575
O62068|Q10666|2.575
Q09975|Q21746|2.575
O61924|P90900|2.575
O61924|Q9TYJ0|2.575
Q09485|Q9XVS2|2.575
Q19467|Q21648|2.575
Q19467|O76449|2.575
Q17396|Q9XU77|2.575
Q17396|P41932|2.575
Q17396|O18289|2.575
Q9TW67|Q7JK76|2.575
Q9TW65|O76614|2.575
Q94184|Q9N2Z7|2.575
P91281|O61521|2.575
O45637|O61521|2.575
Q20660|Q19726|2.575
Q9U3S8|Q9XU77|2.575
Q9U3S8|Q21648|2.575
Q9N5N7|O01482|2.575
Q17936|Q19994|2.575
Q9TZK8|A9UJN4|2.575
Q17948|Q9TZK8|2.575
Q17948|Q9TXM1|2.575
Q17948|Q22387|2.575
Q19016|Q8T3B3|2.575
O45637|Q18503|2.575
Q20327|O18302|2.575
Q20340|O17718|2.575
O44509|O18302|2.575
Q21097|O17396|2.575
A5PEW4|Q22002|2.575
A4V4W8|O18697|2.575
Q9NEX4|O18302|2.575
O62486|Q9N4P3|2.575
O62482|Q23418|2.575
O62482|Q7JP75|2.575
O62482|Q9XVK6|2.575
O62482|Q09442|2.575
O62482|Q17795|2.575
O62482|O16299|2.575
O62482|Q8MXU3|2.575
O62482|O62203|2.575
O62482|Q17746|2.575
O62482|Q03601|2.575
O62482|Q966J6|2.575
O62482|Q8MQE6|2.575
Q7K7J0|Q17795|2.575
Q7K7J0|Q8MQE6|2.575
Q8MPT2|Q9TZK1|2.575
Q8MPT2|O17259|2.575
Q8MPT2|Q3V5G9|2.575
Q8MPT2|Q9TYX9|2.575
Q8MPT2|Q17359|2.575
Q8MPT2|Q17357|2.575
Q8MPT2|Q19289|2.575
Q8MPT2|O16299|2.575
P03949|Q9TW26|2.575
Q8MPT2|Q23418|2.575
P03949|Q22534|2.575
P03949|O61720|2.575
O62482|Q9U2Y9|2.575
O62482|Q9U2Z0|2.575
O62482|P19826|2.575
O62482|P45962|2.575
O62482|Q17865|2.575
O62482|Q9TYX9|2.575
O62482|Q17359|2.575
O62482|Q17357|2.575
O62482|O02174|2.575
O62482|Q95QI2|2.575
O62482|Q95Y58|2.575
O62482|Q9N490|2.575
Q20498|O17099|2.575
Q20498|Q9U2Y9|2.575
Q8MPT2|Q86PI8|2.575
Q7K7J0|Q9U2Y9|2.575
Q10929|O62203|2.575
Q10929|Q17359|2.575
Q10929|Q966J6|2.575
P03949|Q23418|2.575
P03949|Q17359|2.575
P03949|Q9U2W6|2.575
Q8MPT2|Q9TXI1|2.575
O62482|Q18605|2.575
O62482|Q9XZI6|2.575
O62482|Q10130|2.575
O62482|Q10667|2.575
O62482|Q95QQ9|2.575
Q95XW5|Q17359|2.575
Q95XW5|Q17357|2.575
Q95XW5|O16684|2.575
Q7K7J0|Q17359|2.575
Q7K7J0|Q95QQ9|2.575
Q7K7J0|Q9U9I9|2.575
Q8MPT2|Q20357|2.575
Q7K7J0|Q17357|2.575
Q10929|Q9TYX9|2.575
Q10929|Q17357|2.575
Q10929|Q95Y58|2.575
O62482|Q9TYU9|2.575
Q17549|Q9NEZ5|2.575
Q17550|Q21443|2.575
Q17550|Q21065|2.575
G5EFP7|Q27888|2.575
G5ECY0|Q20748|2.575
G5ECY0|Q17782|2.575
G5ECY0|A7DT28|2.575
Q18239|P10038|2.575
B7WN72|P12844|2.575
B7WN72|Q9XWD6|2.575
B7WN72|O76840|2.575
B7WN72|P92160|2.575
B7WN72|G5EE23|2.575
B7WN72|O44897|2.575
B1Q240|Q69Z13|2.575
B7WN72|Q67X91|2.575
B1Q240|Q17415|2.575
B1Q240|G5EE01|2.575
B1Q240|Q7YSI9|2.575
Q09284|P10038|2.575
G5ECZ8|Q22631|2.575
G5ECZ8|B5QSI6|2.575
G5ECZ8|Q9N4B8|2.575
G5ECZ8|Q17415|2.575
G5ECZ8|Q22354|2.575
G5ECZ8|C1P623|2.575
G5ECZ8|Q21443|2.575
G5ECZ8|O76840|2.575
G5ECZ8|O77469|2.575
G5ECZ8|Q67X91|2.575
G5ECZ8|G5EF64|2.575
G5ECZ8|A8WI97|2.575
Q93646|Q22631|2.575
Q93646|Q17782|2.575
Q93646|P24348|2.575
Q86NH1|A7UQ09|2.575
Q8ITW4|Q27355|2.575
C1P635|Q19989|2.575
C1P635|Q9XYB7|2.575
C1P635|P41932|2.575
C1P635|O17071|2.575
C1P635|P10984|2.575
C1P635|Q21920|2.575
C1P635|Q21443|2.575
C1P635|Q67X91|2.575
C1P635|Q9TZ99|2.575
C1P635|P41829|2.575
Q22227|Q69Z13|2.575
Q22366|O62106|2.575
Q22366|Q9N4B8|2.575
Q9BIC1|Q67X91|2.575
Q9BIC1|C1P623|2.575
Q9BIC1|G5EF64|2.575
Q8I103|G5EDS3|2.575
Q8I103|Q22574|2.575
Q33BL4|B7FAS5|2.575
Q33BL4|G5EDN8|2.575
Q33BL4|Q23158|2.575
Q33BL4|Q8MQC5|2.575
Q33BL4|Q18711|2.575
P90976|Q17782|2.575
P90976|P24348|2.575
P90976|Q8IG69|2.575
P90976|Q20748|2.575
G5EFA4|O17698|2.575
G5EFA4|O45521|2.575
G5ECY0|Q2EEM6|2.575
Q18239|Q9BHM0|2.575
Q18239|Q19937|2.575
Q18239|O02300|2.575
B7WN72|Q8MYM6|2.575
B1Q240|B2D6P5|2.575
B1Q240|Q9N4X8|2.575
B1Q240|O61521|2.575
B1Q240|Q56VX2|2.575
B1Q240|O45521|2.575
B1Q240|Q9UAT1|2.575
B1Q240|Q18938|2.575
Q09284|Q19937|2.575
Q09284|Q21701|2.575
G5ECZ8|Q9U5C2|2.575
G5ECZ8|G5EEX3|2.575
G5ECZ8|O44820|2.575
G5ECZ8|O45521|2.575
G5ECZ8|P34556|2.575
Q86NH1|O44820|2.575
C1P635|Q21701|2.575
C1P635|Q9NEZ5|2.575
C1P635|Q18426|2.575
C1P635|G5EE23|2.575
G5EEW9|O62376|2.575
Q22227|Q9N4B8|2.575
G5EDB9|O44820|2.575
Q9BIC1|Q56VX2|2.575
Q9BIC1|Q2XMY3|2.575
P90976|O45687|2.575
Q95XW5|O45521|2.575
C1P635|O01427|2.575
P90976|O01427|2.575
Q09284|O18087|2.575
Q33BL4|Q9XVU8|2.575
A7UQ09|Q5WRR6|2.575
A7UQ09|Q0PJA9|2.575
O62090|O76471|2.575
Q20709|O17695|2.575
Q5WRR6|Q18100|2.575
Q10656|Q18758|2.575
G5EDD8|Q18255|2.575
Q9TVY5|P91349|2.575
Q10920|O76371|2.575
Q09583|Q22847|2.575
Q09583|G5ED84|2.575
Q09583|Q9N3Y1|2.575
Q9XTT9|Q22847|2.575
Q9XTT9|Q9U2Z0|2.575
Q9GZH5|Q10917|2.575
P90868|Q22378|2.575
P34286|Q17693|2.575
P34286|G5ED84|2.575
P34286|P34604|2.575
O76577|Q20798|2.575
O76577|Q9XTG0|2.575
O17586|Q9TY08|2.575
Q95008|G5ED84|2.575
O44156|Q17693|2.575
O44156|G5ED84|2.575
O44156|Q9U1S2|2.575
Q27488|G5ED84|2.575
Q27488|Q9N3Y1|2.575
O61742|Q10943|2.575
O61742|O01802|2.575
O61742|Q21307|2.575
Q95005|G5ED84|2.575
Q10920|Q94392|2.575
Q9N599|Q9XUQ4|2.575
Q9XUV0|Q9XUQ4|2.575
O61742|O17590|2.575
Q94420|Q18241|2.575
Q8I4A4|Q19275|2.575
Q8I4A4|Q93637|2.575
Q8I4A4|Q23566|2.575
Q95ZQ4|Q10902|2.575
Q95ZQ4|P41829|2.575
Q95ZQ4|Q18885|2.575
Q95ZQ4|Q20455|2.575
P91419|Q17400|2.575
P91419|O16511|2.575
P91419|O16500|2.575
P91419|Q09975|2.575
P91419|O76840|2.575
P91419|O44606|2.575
P91419|O18118|2.575
P91419|O62415|2.575
Q22174|P48158|2.575
Q22174|Q03563|2.575
Q22174|Q17746|2.575
Q22174|O01961|2.575
Q22174|Q18239|2.575
Q22174|Q18318|2.575
Q22174|P91146|2.575
Q22174|Q18776|2.575
Q22174|Q18986|2.575
Q22174|P10567|2.575
Q22174|P50880|2.575
Q22174|O16299|2.575
G5EFL5|P53013|2.575
G5EFL5|P91306|2.575
Q9XXE5|Q10902|2.575
O45935|Q03607|2.575
O01987|Q9U2Q9|2.575
O18203|O61815|2.575
O18203|Q8MQ42|2.575
Q9U281|Q22751|2.575
Q9TYJ0|Q95QR2|2.575
Q9NAE9|Q18529|2.575
Q9NAE9|O44400|2.575
Q9NAE9|Q21648|2.575
Q9NAE9|Q9U1S2|2.575
Q9NAD6|Q17849|2.575
Q9NAD6|G5EFL5|2.575
Q9NAE1|O45526|2.575
O18209|Q9N4U2|2.575
Q9N4S0|P41829|2.575
Q9N3F2|Q20665|2.575
Q9XWH0|Q9U3S8|2.575
Q9XWH0|Q9TYV7|2.575
P91253|Q9XW88|2.575
Q19370|Q18192|2.575
P50464|Q18529|2.575
P50464|P91307|2.575
P50464|Q20956|2.575
Q17359|Q18043|2.575
Q17359|Q18529|2.575
Q17359|Q18776|2.575
Q17359|G5EGK8|2.575
Q17359|O01579|2.575
Q17359|Q20956|2.575
Q17359|Q86G90|2.575
Q17359|Q21648|2.575
Q17359|P28548|2.575
Q17359|Q95ZK7|2.575
Q17359|Q7Z153|2.575
Q17359|O45799|2.575
Q17359|Q966C6|2.575
Q17359|Q9N2Z7|2.575
Q17359|O18289|2.575
Q19617|Q9XUQ4|2.575
O62195|O62203|2.575
O62195|Q19969|2.575
O62195|P55853|2.575
Q8MYQ1|O61980|2.575
Q8MYQ1|Q22631|2.575
Q8MYQ1|Q9N5D6|2.575
O16299|P55853|2.575
Q19969|Q9GYT4|2.575
Q19969|Q09565|2.575
Q19969|Q20628|2.575
Q19969|O45799|2.575
Q19969|Q9U1T5|2.575
Q19969|O18289|2.575
Q19969|P34604|2.575
P91870|Q20282|2.575
P91870|O18286|2.575
O44782|O76447|2.575
Q20002|O76840|2.575
Q20002|Q09983|2.575
Q9UAH1|P34766|2.575
Q9UAH1|Q95QN6|2.575
Q9UAH1|Q20369|2.575
Q9UAH1|Q8WTJ8|2.575
Q20052|Q18964|2.575
Q20084|Q18241|2.575
Q20084|Q8MQ42|2.575
Q20084|Q9XU77|2.575
Q20084|Q21648|2.575
Q20084|O62332|2.575
Q93695|Q95X66|2.575
Q18668|Q9XXE5|2.575
O17670|Q19018|2.575
O17670|Q21126|2.575
O17670|Q22030|2.575
P90980|O01492|2.575
P90980|Q9N4K2|2.575
P90980|Q9NAN2|2.575
P90980|Q9NAB0|2.575
Q19082|O01803|2.575
Q19088|Q19101|2.575
Q19088|Q8I093|2.575
Q9TYS8|Q21319|2.575
Q9TYS8|Q9XUQ4|2.575
Q19211|P34766|2.575
Q9XVA3|Q19208|2.575
Q19294|Q966M3|2.575
Q19294|Q18891|2.575
Q19294|Q95ZT1|2.575
Q19294|O45293|2.575
O44750|Q21832|2.575
Q23158|Q18241|2.575
O17670|Q9NAE9|2.575
P34371|Q18241|2.575
P34371|O76447|2.575
Q18776|Q9N3Y1|2.575
Q9XXU4|O44820|2.575
Q22534|P91503|2.575
Q22534|Q22847|2.575
Q22534|Q9BIB7|2.575
Q22534|O62482|2.575
Q22534|Q9XXR1|2.575
Q22534|Q23081|2.575
Q21370|Q20130|2.575
Q9XU80|P34766|2.575
Q9XU80|Q9XW88|2.575
Q9XU77|G5ECD7|2.575
Q9XU77|P09446|2.575
Q9XU77|P34420|2.575
Q9N393|O16354|2.575
Q9N359|Q9U1W5|2.575
O02353|Q18426|2.575
Q22227|Q27471|2.575
Q22227|O01700|2.575
Q22227|Q09560|2.575
Q22227|P41886|2.575
Q22227|Q20712|2.575
Q22227|Q20845|2.575
Q22227|Q20956|2.575
Q22227|Q9N5N7|2.575
Q9N2K7|Q9XWH5|2.575
Q9U1W5|Q18241|2.575
Q9U1W5|O18672|2.575
Q9U1W5|Q9N5D6|2.575
Q9BL58|Q8MM07|2.575
Q9BL58|Q18529|2.575
Q9BL58|Q09983|2.575
Q9BL58|P91307|2.575
Q9BL58|Q22631|2.575
Q9BL58|P91820|2.575
Q9BL58|Q9XX87|2.575
Q9BL58|Q9U1T5|2.575
Q9GSX9|Q9N4B8|2.575
Q9NGT3|P90794|2.575
Q9NGT3|G5ED84|2.575
Q9N4H6|G5ED84|2.575
Q17868|Q93703|2.575
Q17936|Q09436|2.575
Q17936|G5ECY0|2.575
Q17936|Q18241|2.575
Q17936|Q9U2W6|2.575
Q17936|Q23359|2.575
Q9XX14|P92004|2.575
Q9N517|Q10902|2.575
O45923|Q21281|2.575
O45923|Q27874|2.575
O45924|Q23158|2.575
Q95ZJ1|Q21746|2.575
Q9U2I2|P02566|2.575
Q9U2I2|O17239|2.575
Q9U2I2|Q9U395|2.575
Q9U2I2|Q22436|2.575
Q17958|Q23595|2.575
P34331|Q86NE1|2.575
Q18033|Q9N4B8|2.575
Q18075|Q09975|2.575
Q18075|O62415|2.575
P46822|P91131|2.575
Q9XTZ2|P91306|2.575
Q09485|Q10929|2.575
Q09485|Q17763|2.575
Q9XU77|P45962|2.575
O45666|Q9TZ84|2.575
Q9XU12|Q20136|2.575
Q9XU12|G5EFL5|2.575
Q9XU12|Q965X6|2.575
P91400|Q9GRZ0|2.575
O45691|O02225|2.575
Q19019|Q95ZT1|2.575
Q95XM4|Q93703|2.575
Q95XM4|O45521|2.575
Q95XM4|Q95XY1|2.575
Q95XM4|Q02335|2.575
Q9XW76|Q20956|2.575
Q8MQ68|Q21443|2.575
Q8MQ68|Q19289|2.575
Q8MQ68|Q19286|2.575
Q9XTM0|Q19782|2.575
O61967|Q18776|2.575
O61967|O45521|2.575
O61967|Q9XUK0|2.575
O61967|Q965X6|2.575
O61967|Q09648|2.575
P91280|Q93228|2.575
P91280|O16370|2.575
Q9XTG7|P34766|2.575
Q9XTG7|O01802|2.575
Q9XTG7|Q21312|2.575
Q9XTG7|Q22847|2.575
Q9XTG7|O02658|2.575
O62195|P34766|2.575
O62195|Q19658|2.575
Q95QC4|Q10930|2.575
Q95QC4|Q18605|2.575
Q95QC4|Q09983|2.575
Q95QC4|P48156|2.575
Q95QC4|Q20833|2.575
Q95QC4|O17908|2.575
Q95QC4|Q9XTQ7|2.575
Q95QC4|Q22631|2.575
Q95QC4|P91917|2.575
Q95QC4|Q9U2A0|2.575
P90978|Q18066|2.575
P90978|G5ED84|2.575
P90978|Q8MPS9|2.575
Q27864|O45904|2.575
Q9U990|Q19937|2.575
Q23333|Q93758|2.575
O17555|Q9XW88|2.575
Q23356|P34766|2.575
Q23356|Q22847|2.575
Q23356|Q9U2Z0|2.575
O01775|Q18192|2.575
O16500|O62415|2.575
O16500|O62416|2.575
O16500|Q9NES7|2.575
O16500|Q9N4I4|2.575
Q9U3S0|P91001|2.575
Q9U3S0|P14792|2.575
Q9U3S0|P41886|2.575
Q9U3S0|Q21648|2.575
Q9U3S0|O76449|2.575
O16313|Q18241|2.575
Q966M3|P10567|2.575
Q09289|Q09444|2.575
O01869|Q9XW88|2.575
Q18938|G5ED84|2.575
O16313|Q93694|2.575
O16313|Q9XUE7|2.575
Q17771|P27798|2.575
P47209|Q19374|2.575
Q95YF3|G5EDD8|2.575
Q95YF3|Q20660|2.575
Q9XVV3|Q9N5S5|2.575
Q9U3A4|Q21752|2.575
O16364|O01532|2.575
O16364|O01530|2.575
O16364|Q20334|2.575
O16364|Q9XUN9|2.575
O16364|Q9GYF1|2.575
Q95YI9|P34766|2.575
Q95YI9|P41829|2.575
Q95YI9|Q95008|2.575
Q95YI9|Q9XTQ7|2.575
Q95YI9|P91493|2.575
Q21758|O61843|2.575
Q21758|Q23418|2.575
O44872|Q23158|2.575
O17981|P34552|2.575
O17981|Q9XWE1|2.575
O17982|Q18529|2.575
O17982|Q19969|2.575
O17982|Q23451|2.575
P30625|Q17464|2.575
O44606|O16511|2.575
O44606|O16500|2.575
O44606|Q09975|2.575
O01775|P17329|2.575
O01775|Q9XUL7|2.575
P14792|G5ED84|2.575
Q23390|O76840|2.575
Q23390|Q93637|2.575
Q23390|Q09983|2.575
Q9XVY4|Q9XW88|2.575
Q02330|Q22183|2.575
Q8I4A4|Q9XV56|2.575
Q95YF3|Q9XXL8|2.575
Q17936|Q9XV46|2.575
P29355|Q9XU98|2.575
Q09485|Q9XTC8|2.575
Q17359|Q18241|2.575
Q93697|Q18776|2.575
O45521|Q17490|2.575
Q21319|O76449|2.575
O44165|Q22707|2.575
O44165|Q10013|2.575
O44165|O16720|2.575
O44165|Q27527|2.575
O44165|P29691|2.575
O44165|Q9GZI6|2.575
O44165|Q9U489|2.575
O44165|Q23155|2.575
O44165|O01850|2.575
O44165|P51404|2.575
O44165|P41937|2.575
O44165|P91918|2.575
O44165|Q21086|2.575
O44165|Q20168|2.575
O44165|Q94230|2.575
O44165|Q19537|2.575
O44165|O17953|2.575
O44165|Q93537|2.575
O44165|Q86S66|2.575
O44165|P52014|2.575
O44165|O17759|2.575
O44165|Q8I4B8|2.575
O44165|O45786|2.575
O44165|Q20363|2.575
O44165|P17330|2.575
O44165|Q20772|2.575
O44165|P91277|2.575
O44165|Q8T8N8|2.575
O44165|Q20676|2.575
O44165|Q966M3|2.575
O44165|Q20627|2.575
O44165|Q09983|2.575
O44165|Q21418|2.575
O44165|Q21605|2.575
Q9XVP0|O76840|2.575
Q21295|Q23158|2.575
Q9U3C1|Q23158|2.575
Q22078|P90900|2.575
Q9U302|Q4JFI0|2.575
Q65XX1|O45521|2.575
Q95QC4|Q23158|2.575
P34183|Q19989|2.575
P34183|O62333|2.575
P34183|Q5CZ46|2.575
Q9XVI9|O18246|2.575
P91457|O62333|2.575
P34286|Q8MQE7|2.575
O16658|Q22095|2.575
O16658|Q7YZH3|2.575
Q11183|P91482|2.575
P34331|Q8WTJ8|2.575
O02217|Q9TVY5|2.575
G5ECY0|P34537|2.575
G5ECY0|P91820|2.575
Q18282|Q9N2L7|2.575
Q95005|Q09560|2.575
O01501|P34371|2.575
O01501|Q9GRY9|2.575
P54812|P34511|2.575
P34690|Q21520|2.575
P34402|Q5CZ46|2.575
Q19335|Q95QM8|2.575
O17836|Q22866|2.575
Q7JL40|Q22866|2.575
P91870|Q5CZ46|2.575
Q9XVP0|Q8I4B9|2.575
Q9XVP0|Q8I4B8|2.575
Q09436|Q17979|2.575
Q09436|Q23079|2.575
Q21295|Q21443|2.575
Q21295|O01576|2.575
Q21295|O62332|2.575
Q21295|O62333|2.575
Q9U3C1|Q21443|2.575
Q9U3C1|O01576|2.575
O62333|Q8MXR2|2.575
Q09601|Q19890|2.575
Q22799|Q5CZ46|2.575
Q17635|Q7JMF0|2.575
Q23158|Q6BEV7|2.575
Q9TVY5|Q9GRZ1|2.575
Q9TVY5|Q9GRZ0|2.575
P91281|Q9N431|2.575
Q09546|Q21648|2.575
Q09485|Q9TYS3|2.575
Q93697|Q9XVS2|2.575
Q9U2N7|Q9XVS2|2.575
Q9GRY9|Q9XVS2|2.575
Q18157|Q21746|2.575
Q20815|Q18171|2.575
Q9XXL3|Q18171|2.575
Q18739|Q18192|2.575
Q21633|O01964|2.575
O01965|Q21633|2.575
P50437|Q21746|2.575
P91104|Q94207|2.575
Q9U2T9|Q9XZI6|2.575
Q18739|Q10902|2.575
Q10902|P03949|2.575
Q10655|Q21299|2.575
Q18395|Q9U1T5|2.575
Q18393|Q9U1T5|2.575
O45904|Q93636|2.575
Q23390|Q93636|2.575
Q8I4A4|Q93636|2.575
Q7JKE3|O62203|2.575
Q7JKE3|P55853|2.575
P53013|O16999|2.575
Q58AU8|O18246|2.575
Q86NH1|Q23081|2.575
O76398|Q94420|2.575
Q93697|O62305|2.575
Q93697|P91563|2.575
A5JYT9|P55853|2.575
Q20821|Q20168|2.575
O16346|Q9U1T5|2.575
Q8I0G6|Q21746|2.575
Q9TZK8|Q18776|2.575
Q9TZK8|Q9N5S5|2.575
Q9TZK8|Q9XU77|2.575
Q9XWH5|Q9TZK8|2.575
A5Z2W7|Q18503|2.575
Q9XVC5|O45521|2.575
Q18539|Q21746|2.575
Q27488|Q9TZA6|2.575
Q20660|Q03571|2.575
Q18610|Q19774|2.575
Q9U2D3|Q95QR2|2.575
O44167|O44714|2.575
Q94207|O44714|2.575
O62105|Q9U3I7|2.575
Q18694|Q21648|2.575
O17670|Q9XV36|2.575
Q9XVG8|P34371|2.575
Q20224|Q21746|2.575
Q20223|Q21746|2.575
Q8MQ55|Q9XX00|2.575
Q20327|Q564T0|2.575
Q20329|Q03601|2.575
Q20340|A5JYV8|2.575
O44509|Q564T0|2.575
Q20365|Q94420|2.575
Q93721|Q9U1T5|2.575
Q20378|Q9XW13|2.575
Q7KQA2|Q9U1T5|2.575
Q21036|Q20398|2.575
A4V4W8|Q20398|2.575
Q9TZ84|O45521|2.575
Q21036|O45521|2.575
Q27504|O16736|2.575
Q20660|P91302|2.575
Q9XVN4|Q9N4P3|2.575
Q58AT7|Q20476|2.575
Q9N394|Q20476|2.575
Q2YS44|O01482|2.575
Q17698|Q21746|2.575
Q22243|Q17692|2.575
Q09490|P34296|2.575
Q23536|P34296|2.575
Q21969|O17578|2.575
G5EEN7|P47209|2.575
O76258|Q9GYT4|2.575
Q17935|Q19994|2.575
Q19016|Q18776|2.575
Q19467|Q18776|2.575
Q58AT7|Q18776|2.575
O45009|Q18776|2.575
Q9N394|Q18776|2.575
Q95XX0|O17698|2.575
Q9TZK8|Q9U3Q1|2.575
Q9U3Q1|Q9TXM1|2.575
Q9U3Q1|Q22387|2.575
Q9N4U5|O62120|2.575
Q18964|A5JYU4|2.575
Q18991|Q21591|2.575
Q19016|Q20168|2.575
Q19016|O44490|2.575
Q19016|Q9N5S5|2.575
Q19016|O01579|2.575
Q19016|Q9U1T5|2.575
Q19016|Q23081|2.575
Q19016|P34611|2.575
P34808|Q9XTS3|2.575
O44590|Q9U1T5|2.575
O44590|O18289|2.575
O45539|P91563|2.575
Q93763|Q20655|2.575
O44749|Q20655|2.575
Q9TXM1|Q9XU77|2.575
Q9XWH5|Q9TXM1|2.575
Q20660|O76614|2.575
Q20660|Q9XXR4|2.575
Q20660|Q9N4F2|2.575
Q5XXC2|O17396|2.575
Q93763|P41932|2.575
Q21272|O01579|2.575
Q9TZ84|Q9N3T6|2.575
O16949|Q21746|2.575
Q22237|Q21746|2.575
O18128|Q21746|2.575
Q9N2L6|Q21746|2.575
O62416|Q21746|2.575
Q9N3F1|Q03601|2.575
Q20815|Q09382|2.575
Q9U2Q9|Q7YTM9|2.575
Q95R06|P92004|2.575
O17470|O01987|2.575
Q9N3C8|Q21036|2.575
Q1ZXV0|Q21036|2.575
Q9N5N4|Q21746|2.575
G5EEN7|P47208|2.575
O45637|Q9N431|2.575
G5EEI4|Q21746|2.575
O17024|Q21746|2.575
Q23683|Q21746|2.575
Q9BIB7|O62332|2.575
Q21805|Q9U1T5|2.575
Q9TYX3|O18289|2.575
Q22867|Q22002|2.575
Q22030|Q65CM6|2.575
Q9NAH7|Q95ZQ4|2.575
O16519|O18697|2.575
Q65CM2|O18697|2.575
Q965W3|Q9XVJ1|2.575
O45756|Q9U1T5|2.575
Q10661|O18064|2.575
O18118|Q22387|2.575
Q21272|Q9XU77|2.575
G5EFL5|Q965J0|2.575
Q965W3|Q21372|2.575
Q21441|Q9XU77|2.575
Q9N394|Q9XU77|2.575
P52011|Q9NAP8|2.575
Q9NAP8|P52010|2.575
Q22517|O62305|2.575
O76614|O62305|2.575
Q21441|G5ECG0|2.575
Q21441|Q9GRZ1|2.575
Q21500|Q09382|2.575
Q9U3A6|Q23418|2.575
O44749|P41932|2.575
Q21549|O01987|2.575
Q9N369|Q21591|2.575
Q9NA31|Q21633|2.575
Q22030|Q21648|2.575
O44760|Q9N2Z7|2.575
O02482|Q9U370|2.575
G5EEN7|P47207|2.575
Q9N394|Q65CM6|2.575
O02482|Q22678|2.575
Q9N590|Q22757|2.575
Q9U2D9|O45819|2.575
O62505|O02482|2.575
Q9N368|Q58AT7|2.575
A4V4W8|Q2XMY3|2.575
Q9XWX7|Q9N590|2.575
D3YT50|G5EC23|2.575
P49594|Q93794|2.575
Q9XVP0|Q22866|3.37
Q95QB8|Q9N2X3|3.37
Q9U9Y8|Q17793|3.37
Q9U9Y8|Q22491|3.37
Q03604|O61853|3.37
P46582|Q10661|3.37
Q18033|P34766|3.37
Q20168|Q17695|3.37
Q9U9Y8|O76621|3.37
Q9N3C9|Q95QY7|3.37
Q9BKS1|P34691|3.37
Q18033|O44480|3.37
Q18033|P14792|3.37
Q20168|Q8I4M5|3.37
P32085|P47209|3.37
Q18033|P34429|3.37
O45521|Q9TZ93|3.37
Q18033|O45603|3.37
Q22798|Q9U3C8|3.37
Q965K8|Q21746|3.37
Q18033|P10983|3.37
O45521|Q9N582|3.37
O45521|O17628|3.37
Q19863|Q22623|3.37
P81299|P51404|3.37
B1Q240|Q17391|3.37
O45521|P34664|3.37
Q9XWS3|Q9XWS3|3.37
Q9XTU9|Q17746|3.37
P81299|O45603|3.37
O16387|Q17746|3.37
P81299|O45830|3.37
P81299|O62513|3.37
Q20168|Q20010|3.37
B1Q240|P91988|3.37
Q18967|Q9XTH8|3.37
P46822|P91001|3.37
P46822|Q17581|3.37
O17761|Q20848|3.37
B1Q240|Q93716|3.37
Q9Y048|P90731|3.37
Q9Y048|Q17746|3.37
Q9Y048|O44949|3.37
Q22799|Q19207|3.37
Q8I4N3|P91001|3.37
B1Q240|Q23458|3.37
Q9XU77|Q8I136|3.37
Q9Y048|O44742|3.37
Q9N4U5|Q19872|3.37
Q9Y048|P17330|3.37
Q09390|Q9Y051|3.37
Q23536|Q9Y051|3.37
P46822|O01802|3.37
Q19615|Q21746|3.37
B1Q240|Q9GYG1|3.37
B1Q240|Q8MYM0|3.37
Q20228|Q9GYK4|3.37
P46822|Q966C7|3.37
P46822|Q95XR0|3.37
O17850|Q19341|3.37
Q18090|Q23472|3.37
Q21747|Q95017|3.37
O44487|P91001|3.37
Q9U304|Q9XTH8|3.37
Q20678|P91151|3.37
Q20678|O44741|3.37
P41941|P54412|3.37
Q9Y048|O17071|3.37
Q09278|Q21549|3.37
Q09278|Q17549|3.37
Q9NA84|Q95017|3.37
O17666|O16366|3.37
Q20351|Q19286|3.37
Q10923|O45521|3.37
Q20351|Q9U2D9|3.37
Q20351|Q09583|3.37
Q93714|P34341|3.37
Q19969|Q9Y051|3.37
Q03563|O45603|3.37
Q9XVX8|P32085|3.37
Q17522|Q09415|3.37
O61967|O18051|3.37
Q95QJ7|P46563|3.37
O01869|Q21204|3.37
O45666|Q9TYT0|3.37
O61955|Q09293|3.37
O45666|Q9XXK5|3.37
Q93714|P28548|3.37
O17670|Q18999|3.37
P34420|Q9N5M2|3.37
P54936|Q23670|3.37
P34420|Q23158|3.37
P39745|Q9BIB3|3.37
Q18033|P61866|3.37
Q8MNT0|Q20548|3.37
Q9NAE4|Q10666|3.37
Q10577|Q23664|3.37
Q10577|Q9U2W6|3.37
P34278|O62305|3.37
P34278|Q9BI71|3.37
P34286|Q17746|3.37
Q20938|Q18343|3.37
Q10577|Q23158|3.37
Q10577|P91276|3.37
Q10577|Q86DA5|3.37
Q9TZ38|Q23664|3.37
Q9TZ38|P34643|3.37
Q21502|O45244|3.37
P91401|P91401|3.37
G5EFL5|P34450|3.37
P91400|Q19833|3.37
Q93654|Q19076|3.37
Q22756|Q22756|3.37
Q9TZ38|Q23401|3.37
Q21502|Q21502|3.37
Q17353|O44820|3.37
Q19019|Q9TXH9|3.37
Q21746|Q21073|3.37
Q9TXV1|Q20351|3.37
P17221|P34691|3.37
P34648|O17071|3.37
P49594|P34691|3.37
Q27488|Q22002|3.37
Q95Y97|P34574|3.37
P34691|P34708|3.37
Q17390|Q19213|3.37
O45784|Q9U2D9|3.37
Q22227|Q09248|3.37
Q09543|Q09350|3.37
O02063|Q10902|3.37
P91281|Q93561|3.37
P12114|Q21443|3.37
Q22534|Q09436|3.37
A9D8K5|Q03563|3.37
Q22534|P90735|3.37
Q22534|Q17732|3.37
Q22534|Q17784|3.37
Q22534|O16393|3.37
P34441|P34341|3.37
Q9N4G9|O62023|3.37
Q21073|Q9BI74|3.37
Q95XM4|P49405|3.37
A9D8K5|Q09536|3.37
Q22534|Q19162|3.37
Q19924|Q1ZXS5|3.37
Q22534|Q19872|3.37
Q22534|O16370|3.37
P34691|O16297|3.37
Q95XM4|P34514|3.37
P91302|Q86G90|3.37
B1Q240|P46579|3.37
Q27535|P30632|3.37
P34455|Q966L6|3.37
Q22534|Q8MQ17|3.37
Q22534|Q94247|3.37
Q17635|O45950|3.37
Q22534|Q93831|3.37
Q07292|Q19766|3.37
Q22534|Q9UAQ2|3.37
Q22534|Q9XUV0|3.37
P34286|P34278|3.37
Q9TZ38|O02056|3.37
Q9TZ38|Q03563|3.37
Q18994|P55853|3.37
Q9TZ38|Q17695|3.37
Q9TZ38|Q17850|3.37
Q20924|P34341|3.37
Q9TZ38|Q9XVT0|3.37
Q9N3R7|O45406|3.37
P34619|Q965H3|3.37
Q86S68|Q21554|3.37
Q9TZ38|Q9GYR5|3.37
Q07292|Q27389|3.37
O17695|Q10666|3.37
Q10666|O02482|3.37
O17695|O02482|3.37
Q9TZ38|Q18409|3.37
O62203|Q58AT7|3.37
Q94131|Q21502|3.37
Q94131|O17695|3.37
Q9XW76|O45946|3.37
Q21502|G5EBZ4|3.37
Q9XW79|Q09294|3.37
Q21502|O17695|3.37
P34286|Q93831|3.37
P34286|Q9U2D9|3.37
Q9XVI2|Q19345|3.37
Q9XW79|Q19771|3.37
Q9TZ38|Q19404|3.37
Q18825|Q09990|3.37
Q9TZ38|Q5DX48|3.37
Q9TZ38|Q19872|3.37
Q9TZ38|O16370|3.37
Q9TZ38|Q19969|3.37
Q18825|P14792|3.37
Q9XW79|Q2V0X3|3.37
O45521|O01482|3.37
O62203|Q9N4P3|3.37
O62215|P92004|3.37
Q9TZ38|P34427|3.37
Q21827|Q19986|3.37
Q9TZ38|Q9GPA2|3.37
Q95QJ7|P17331|3.37
P90851|Q1ZXS5|3.37
O18191|Q09590|3.37
O18191|Q94420|3.37
Q95QJ7|P45970|3.37
Q95QJ7|Q9U302|3.37
Q9U2Z5|P50880|3.37
Q9NDT1|P52709|3.37
Q9TZ38|Q9BL41|3.37
Q20646|P46580|3.37
O44551|O02163|3.37
Q9TXH9|O45521|3.37
Q9TXH9|Q9XUT0|3.37
Q9U4A6|Q93716|3.37
Q9TXH9|P45972|3.37
Q20646|P34545|3.37
Q9BKS0|Q1ZXS5|3.37
Q9U2R6|Q93572|3.37
Q9U2R6|Q19902|3.37
Q20924|O17915|3.37
Q9U2R6|Q86MI0|3.37
Q09248|Q23542|3.37
P91277|Q95X44|3.37
Q9NA98|Q23542|3.37
P91277|P50880|3.37
O01427|O45952|3.37
P91277|Q95QZ8|3.37
Q09496|Q18696|3.37
Q9XXH8|O62427|3.37
O17514|Q10665|3.37
Q9TZ38|Q9BL70|3.37
P91277|Q9U299|3.37
P91277|Q94131|3.37
O17514|Q9GYS1|3.37
Q9TZ38|Q9U2D9|3.37
Q9TZ38|Q9XTH8|3.37
O61967|Q21127|3.37
Q9NH52|O44480|3.37
Q9GYS1|Q10665|3.37
Q9NH52|Q22170|3.37
Q9NH52|Q23359|3.37
Q9NH52|P34652|3.37
Q9XXG5|P34766|3.37
P34514|P50880|3.37
Q20924|P55853|3.37
Q21271|O76665|3.37
Q20924|Q22747|3.37
Q21053|Q9GYJ9|3.37
Q20055|Q9U2R6|3.37
Q19213|G5EGD2|3.37
O16850|O45962|3.37
O61967|Q9U2W6|3.37
Q19324|Q1ZXS5|3.37
Q21266|P54412|3.37
Q9TZ38|Q22866|3.37
Q9TZ38|Q95R08|3.37
Q9TZ38|Q94239|3.37
P90849|O01488|3.37
Q9TZ38|Q8MQ17|3.37
Q9TZ38|Q21018|3.37
P46550|A9D8K5|3.37
Q19825|P34766|3.37
Q9TZ38|O44552|3.37
Q17600|Q9U389|3.37
Q22805|Q94131|3.37
Q9TZ38|Q9XVK6|3.37
Q9TZ38|Q05062|3.37
Q9TZ38|Q9TVX8|3.37
Q9TZ38|P28548|3.37
Q95XZ0|P17139|3.37
Q9TZ38|O18051|3.37
P34470|Q9U489|3.37
Q09510|Q1ZXS5|3.37
P46561|Q1ZXS5|3.37
Q21175|Q21746|3.37
Q22805|Q9N2Z7|3.37
O17218|Q18688|3.37
Q20719|P34766|3.37
P34278|Q9XW38|3.37
Q18282|Q95XR5|3.37
P34441|P34329|3.37
P34441|P34766|3.37
P34441|Q19189|3.37
P34441|Q9XXI9|3.37
Q22805|Q9N4P3|3.37
Q23440|Q9NES7|3.37
Q9TZ38|Q9XUL9|3.37
P34339|Q9GYS8|3.37
Q9GYI4|Q9XW88|3.37
Q19905|P55853|3.37
P34470|O44548|3.37
Q19910|P50880|3.37
O45244|P34498|3.37
Q95005|Q95Q25|3.37
Q22756|Q9XVK6|3.37
P34605|Q9U389|3.37
O44740|Q94361|3.37
O44740|O02053|3.37
P34278|Q8MXV2|3.37
P34885|O45835|3.37
P34475|P51404|3.37
P34609|P34686|3.37
Q95XZ0|Q7YTG9|3.37
P34475|O45303|3.37
P34475|P34369|3.37
P34475|Q5FC27|3.37
P34563|Q03563|3.37
P34475|P52872|3.37
Q17695|Q17695|3.37
Q95XZ0|Q21443|3.37
O44175|P48156|3.37
Q09436|P17139|3.37
G5EDA3|Q21952|3.37
P52874|P34286|3.37
O01422|P34574|3.37
Q21136|P39055|3.37
Q9U269|Q9XVS8|3.37
Q95YF3|Q9XUS3|3.37
P34480|Q9XVJ2|3.37
Q95ZQ3|Q09248|3.37
Q22078|Q20010|3.37
Q9TY03|Q19289|3.37
Q20585|Q9U1X3|3.37
Q22087|Q21821|3.37
Q9TZ38|P91453|3.37
O17087|O61711|3.37
P34183|P34574|3.37
Q9TZ38|P34707|3.37
Q9TZ38|Q22522|3.37
P34286|Q95YD5|3.37
P34286|P53585|3.37
O01902|Q95XR4|3.37
Q9GT24|Q17695|3.37
Q23237|Q9GYJ9|3.37
Q23390|Q21746|3.37
Q9TYX3|Q9N4P3|3.37
Q95QC4|Q966C7|3.37
Q23390|Q09566|3.37
O76577|O02639|3.37
Q95YF3|Q17740|3.37
Q9TZ38|Q17793|3.37
Q09996|Q22866|3.37
O17968|O17968|3.37
Q9TZ38|Q09350|3.37
A7DTF0|Q9U758|3.37
P14792|Q93930|3.37
P90978|P34643|3.37
Q9N4B7|Q9UAT1|3.37
P46561|Q19872|3.37
P45896|Q95Y15|3.37
O76577|Q23312|3.37
P45896|O02093|3.37
G5EDU7|P41932|3.37
P45896|Q19007|3.37
O76371|Q20950|3.37
Q27535|Q18688|3.37
Q21952|O02642|3.37
Q21952|P90841|3.37
O17586|O62256|3.37
O02639|Q23463|3.37
P32744|O45815|3.37
Q9XUS3|P48156|3.37
Q94261|P42170|3.37
Q94261|Q9XWK3|3.37
Q5FC27|Q95017|3.37
O62126|O62444|3.37
O76258|Q17796|3.37
Q23356|O17645|3.37
Q21952|P34766|3.37
Q95008|Q9XXK1|3.37
Q17339|Q1ZXS5|3.37
P34647|Q1ZXS5|3.37
Q95PX7|Q19307|3.37
Q18989|Q21746|3.37
Q18989|Q9XWV6|3.37
Q22799|O61920|3.37
Q9TXU7|P91001|3.37
Q9TXU7|Q9U489|3.37
O44156|Q95XQ7|3.37
Q9TXU7|Q19130|3.37
Q22799|Q93572|3.37
Q3S1J8|O16998|3.37
O44156|Q23664|3.37
Q22799|P48150|3.37
Q22799|Q20805|3.37
Q22799|P48154|3.37
Q22799|P55853|3.37
Q22799|P34574|3.37
Q22799|P55954|3.37
Q23356|Q9NAI6|3.37
P45897|Q23221|3.37
P45897|P04970|3.37
Q23356|Q94416|3.37
Q22837|P91001|3.37
Q22837|Q9TXI4|3.37
Q22837|Q19877|3.37
P30642|O44740|3.37
P30642|P34808|3.37
Q9TXU7|Q6AHR3|3.37
Q22837|Q9TXU7|3.37
Q9TXU7|P34574|3.37
O76258|Q21592|3.37
Q58AT7|Q58AT7|3.37
Q18115|Q18231|3.37
Q22837|Q23664|3.37
O01488|Q17695|3.37
Q3S1J8|Q18694|3.37
Q18115|Q9XUS9|3.37
P30642|Q23664|3.37
P30642|Q9BKS4|3.37
P30642|O45734|3.37
O17670|P03949|3.37
P45897|Q18183|3.37
P45897|Q18164|3.37
P45897|O45244|3.37
O44139|O45717|3.37
P91835|Q95QD9|3.37
Q17635|P34766|3.37
Q17635|Q95Y90|3.37
Q17635|Q22618|3.37
O16948|O02056|3.37
Q9XUB3|Q965Q1|3.37
Q9XUB3|P34659|3.37
Q18809|Q18809|3.37
Q18115|O45734|3.37
Q18115|Q9U1X3|3.37
Q9TXU7|Q22866|3.37
P34546|Q27874|3.37
O16453|O02639|3.37
O16453|P53013|3.37
P39745|O18687|3.37
O16453|Q22623|3.37
O61742|P91079|3.37
O01488|Q21444|3.37
P34546|Q95Y90|3.37
Q9TXU7|P34604|3.37
Q22046|Q9XW58|3.37
Q18869|P34383|3.37
P39745|Q9XXJ0|3.37
Q965H3|Q19007|3.37
Q94392|Q21484|3.37
O17761|Q9N5G3|3.37
O01870|Q9N4A7|3.37
Q9N392|Q93459|3.37
O01869|Q17884|3.37
O01869|Q18967|3.37
O01869|Q9N3T2|3.37
Q9U2U0|Q58AT7|3.37
P91245|Q9U389|3.37
P34331|Q8I0T9|3.37
Q93716|P54412|3.37
P34546|O01802|3.37
Q22973|Q22973|3.37
O16147|Q1ZXS5|3.37
Q9TVL3|Q21502|3.37
Q9TZQ3|O45551|3.37
P34331|P34402|3.37
Q23483|Q94300|3.37
P34331|P91870|3.37
P34331|O01576|3.37
O16313|Q94251|3.37
Q21763|Q21746|3.37
Q09665|Q9NES7|3.37
Q11189|P91820|3.37
P91245|Q9N2Z7|3.37
Q09485|Q19059|3.37
Q09485|Q93831|3.37
O17915|P34341|3.37
P34331|G5EBU5|3.37
A9D8K5|Q23158|3.37
O16998|O02289|3.37
Q09485|Q9N582|3.37
Q09485|Q965X6|3.37
Q09485|Q9N3Z0|3.37
Q9N5U1|Q1ZXS5|3.37
Q9GYR5|P41829|3.37
O61955|Q1ZXS5|3.37
Q95YF3|Q09232|3.37
Q21234|B9ZSG9|3.37
Q8MPT2|Q19418|3.37
O17087|Q95ZK7|3.37
O16356|O62444|3.37
Q09248|O02053|3.37
P21541|P34766|3.37
O45521|Q09478|3.37
P21541|O44768|3.37
P21541|Q23472|3.37
Q09248|Q9NA98|3.37
Q94420|Q9GYQ9|3.37
Q94420|O01850|3.37
P34331|O44548|3.37
Q8MM07|Q965K8|3.37
O76406|Q23158|3.37
Q8MM07|Q09566|3.37
P34509|P34509|3.37
Q9XWV4|Q58AT7|3.37
Q8MM07|P10983|3.37
Q09620|O44451|3.37
Q09620|O45521|3.37
P34418|P34418|3.37
Q21554|P34450|3.37
Q8MM07|Q23312|3.37
Q09248|O45865|3.37
Q9BIB5|Q21746|3.37
Q09620|Q23130|3.37
Q09620|Q9U2D9|3.37
Q9N4L2|Q09289|3.37
P34662|Q22866|3.37
Q23679|Q9BI74|3.37
Q09248|O16366|3.37
Q09248|Q93573|3.37
Q23679|P21137|3.37
P47991|Q9U1X8|3.37
Q09248|P46561|3.37
Q21502|Q09530|3.37
Q95PX7|Q7JP75|3.37
Q09248|Q9N5Y2|3.37
P34509|Q21993|3.37
Q22167|Q22167|3.37
Q58AT7|Q9N4P3|3.37
P34509|Q22866|3.37
P34427|P92004|3.37
Q95X82|Q18727|3.37
Q95X82|Q9NEN6|3.37
Q9BL64|Q2XMY3|3.37
Q18195|P34766|3.37
Q18195|Q23158|3.37
P51875|P47991|3.37
P51875|Q93930|3.37
P34509|Q3V5H2|3.37
P34331|Q86D01|3.37
P34647|Q9U489|3.37
Q95ZQ3|Q8I0T9|3.37
Q22601|Q9GYH7|3.37
Q94057|O62444|3.37
O44991|P91318|3.37
Q93647|A0FLQ8|3.37
Q21073|P91328|3.37
P91453|P91453|3.37
Q22469|P34574|3.37
Q9XUW7|P90835|3.37
Q23414|Q9U2Z1|3.37
P34808|Q10039|3.37
P34808|O45946|3.37
P91457|Q03563|3.37
O45734|Q27481|3.37
O02101|Q95QJ7|3.37
Q22140|P34766|3.37
Q21341|Q9U489|3.37
Q23414|Q17796|3.37
P91082|Q9GZH2|3.37
P91082|Q8WT44|3.37
Q9XU12|Q8TA83|3.37
O02217|Q21443|3.37
P91457|Q17695|3.37
Q21436|Q22866|3.37
Q23400|Q22866|3.37
P34605|O02328|3.37
Q21531|O61820|3.37
Q10653|P34559|3.37
O17761|Q3V5H0|3.37
G5EFL5|Q9GUC8|3.37
Q95QC4|Q20010|3.37
Q21531|O61708|3.37
Q21531|Q22799|3.37
P92004|P92004|3.37
Q93714|Q23158|3.37
O45934|P34766|3.37
O45934|O45603|3.37
Q18194|Q22799|3.37
Q21625|Q17635|3.37
O44487|O44487|3.37
Q21735|P34341|3.37
Q21735|O44144|3.37
Q21735|P91457|3.37
O18203|Q95Y89|3.37
Q21735|Q22866|3.37
Q22992|Q10661|3.37
Q09599|Q19969|3.37
P52819|Q966L6|3.37
P34339|O45734|3.37
Q09601|P91001|3.37
Q9NAD6|P91001|3.37
Q09601|P34331|3.37
Q18282|Q18282|3.37
Q18282|G5EDA3|3.37
Q6AW08|Q9N4E9|3.37
Q9NAD6|Q27864|3.37
Q09601|Q19749|3.37
O18209|Q966M5|3.37
Q95Y46|Q9XTU6|3.37
O18209|Q9NA25|3.37
Q9NA98|Q9N5M2|3.37
Q09601|P90925|3.37
Q18282|O45935|3.37
Q95XI9|Q94174|3.37
Q9XW01|Q20585|3.37
Q9XW01|Q9XW77|3.37
Q09601|Q22866|3.37
P28548|P92004|3.37
Q09248|P91001|3.37
Q21831|Q09996|3.37
P34669|Q1ZXS5|3.37
O45491|Q17549|3.37
Q86DA5|Q966M3|3.37
Q86DA5|O62332|3.37
Q86DA5|Q22326|3.37
Q86DA5|O44408|3.37
Q86DA5|O45865|3.37
Q09248|Q9U2S6|3.37
Q9U233|Q9N359|3.37
Q9XWK3|Q22866|3.37
Q27488|Q09377|3.37
Q7K7J0|O61980|3.37
P45971|Q10577|3.37
Q9XWK3|P91001|3.37
Q22837|Q9U2D9|3.37
Q967F2|O02328|3.37
P34342|P34509|3.37
Q17635|Q19335|3.37
Q17359|Q95QG2|3.37
Q95XZ0|Q23463|3.37
Q95YD5|Q19905|3.37
Q9N5V3|O16850|3.37
Q17635|Q22469|3.37
Q9XVH6|Q9XU12|3.37
Q9XVH6|Q9N4E9|3.37
Q9NA84|Q9NA84|3.37
O02482|Q22866|3.37
O45148|Q18688|3.37
Q95YD5|Q9XWR1|3.37
Q3V5H0|Q3V5H0|3.37
Q95XZ0|Q23158|3.37
O45148|Q9XTH8|3.37
Q19503|Q9U2W6|3.37
Q95005|Q09248|3.37
Q19555|Q9XUB3|3.37
P03949|Q18320|3.37
Q9XVP0|Q17770|3.37
O62193|Q23158|3.37
Q23158|Q22866|3.37
Q10577|P34341|3.37
Q9XWK3|Q23158|3.37
P91918|Q09248|3.37
Q9N3C9|P34808|3.37
P91918|Q9GRY9|3.37
Q95005|Q19207|3.37
Q9N3C9|Q09345|3.37
Q336L8|Q22747|3.37
Q9N3C9|P55853|3.37
Q9N4G9|P92004|3.37
Q9XWU4|Q23158|3.37
Q336L8|Q23529|3.37
Q9U302|P34341|3.37
Q19969|O44821|3.37
Q95005|Q22866|3.37
Q19969|Q9U240|3.37
Q9N3R7|Q9N3R7|3.37
Q9XXH4|Q19286|3.37
Q9U2Q9|O44761|3.37
Q09601|Q9BKT9|3.37
O01501|O01541|3.37
O01501|Q17588|3.37
Q9BL83|Q19130|3.37
Q09601|O45599|3.37
Q9BL83|Q09601|3.37
O45442|Q9N5V3|3.37
Q9BL83|Q9U2D9|3.37
O01501|Q22866|3.37
Q7K7J0|Q8WQL7|3.37
Q9BKT9|Q20010|3.37
Q9N5U5|O17759|3.37
Q9N3R7|Q9N2X3|3.37
Q20052|O16453|3.37
Q20052|Q18937|3.37
Q9BKT9|P91457|3.37
Q20052|Q20647|3.37
Q20052|Q8ITW8|3.37
Q65XX1|P34643|3.37
Q65XX1|P34402|3.37
Q9BKT9|P91820|3.37
Q20084|O61799|3.37
Q65XX1|Q17796|3.37
Q18508|P91001|3.37
Q18508|Q21443|3.37
Q23237|Q10577|3.37
Q9XWU4|Q03563|3.37
Q9N3E4|Q21443|3.37
O18209|Q9XWK3|3.37
O45962|Q65CM6|3.37
Q9XWU4|Q21443|3.37
Q18668|O44821|3.37
Q18668|O01934|3.37
Q18668|O45797|3.37
Q18668|Q27253|3.37
Q18668|Q9U2Z5|3.37
Q9XWU4|Q9XWG5|3.37
Q18668|Q9U1W8|3.37
O17670|O62020|3.37
O17670|O44447|3.37
O17670|Q09228|3.37
Q8MPT2|Q22617|3.37
Q09293|Q17973|3.37
O17670|Q09260|3.37
O17670|Q18937|3.37
O17670|Q19007|3.37
O17670|Q9U3J5|3.37
O17670|Q17396|3.37
O17670|Q93619|3.37
O17666|Q17695|3.37
O45926|Q19130|3.37
O17670|Q20677|3.37
O17670|P52874|3.37
O17670|P34489|3.37
Q9U2D9|Q18194|3.37
O17670|O62332|3.37
O17670|O61708|3.37
O17666|Q22866|3.37
O17670|P28548|3.37
O17670|O02289|3.37
Q09278|Q19626|3.37
O17670|Q95ZK7|3.37
Q9XWU9|Q21746|3.37
O18199|Q21444|3.37
Q95QB8|Q17635|3.37
Q95XZ0|Q8I4M5|3.37
O18209|Q17796|3.37
Q18012|Q9XTH8|3.37
Q21341|Q9TW45|3.37
Q95XZ0|Q9XU77|3.37
Q19088|Q17746|3.37
P34697|P34400|3.37
Q95XZ0|Q22866|3.37
Q19088|O45521|3.37
Q19185|O62444|3.37
Q95XZ0|Q65XX1|3.37
Q95XZ0|Q17796|3.37
Q95XZ0|Q9U489|3.37
Q95XZ0|P91820|3.37
Q9XVA3|P53013|3.37
P90820|Q19441|3.37
Q8MNT9|P34707|3.37
Q09305|P34537|3.37
P34278|O76406|3.37
P34278|O45406|3.37
P34278|Q9N3R7|3.37
Q17430|Q1ZXS5|3.37
Q9XVF7|P17139|3.37
P34278|Q95QB8|3.37
P34278|Q8MNT1|3.37
P34278|Q9N2X3|3.37
Q19294|O17214|3.37
Q19294|P61866|3.37
O76406|G5EDA3|3.37
Q19294|Q8WQA8|3.37
Q19294|P27798|3.37
Q20228|P46550|3.37
Q19680|P10986|3.37
Q23158|Q17746|3.37
Q09596|P46500|3.37
O17670|Q9XUL9|3.37
O17670|Q9U2W6|3.37
Q10666|P41932|3.37
O17670|Q9N4Q7|3.37
O17670|Q9U1W1|3.37
Q18728|Q9XVR7|3.37
Q9N3R7|G5EDA3|3.37
Q95XR5|O02217|3.37
O76406|Q9N2X3|3.37
Q9NA84|P55853|3.37
O17695|P34369|3.37
G5EDA3|Q17635|3.37
Q22534|Q9TYX3|3.37
Q22534|P28548|3.37
O76406|O76406|3.37
O76406|O45406|3.37
Q22534|O01602|3.37
Q22534|P91820|3.37
P34278|Q21952|3.37
Q21502|P34498|3.37
P34278|G5EDA3|3.37
O76406|Q9N3R7|3.37
Q8I100|Q9BI89|3.37
Q22534|Q965Q1|3.37
P34278|Q17635|3.37
Q22534|Q9U2D9|3.37
Q9U757|Q18343|3.37
Q17549|G5EBU5|3.37
Q22534|Q9BKS4|3.37
Q95NM6|Q8HJ11|3.37
Q21355|Q22544|3.37
Q9N5V3|P34341|3.37
Q09485|Q20628|3.37
Q09485|Q58AT7|3.37
Q10039|Q03563|3.37
Q9BI68|Q21746|3.37
Q21746|Q93249|3.37
O44191|Q17958|3.37
G5EC64|Q9Y194|3.37
Q9XWH0|Q95Y90|3.37
Q9XWH0|Q9U202|3.37
O16570|O02219|3.37
Q95XW8|O01489|3.37
Q9N359|P34766|3.37
Q09374|O17698|3.37
G5EC64|Q21443|3.37
Q9N5V3|O01576|3.37
O17761|Q9XVS2|3.37
O17583|O01427|3.37
O17583|P34629|3.37
O17583|O45952|3.37
Q9TZ38|O02327|3.37
Q22227|Q18320|3.37
O17583|G5ECQ2|3.37
O17583|P34443|3.37
Q22227|Q19872|3.37
Q9N368|Q94131|3.37
Q9GZG5|P55853|3.37
Q9TZ38|Q19402|3.37
O44165|Q21351|3.37
Q9N5V3|Q9XWK3|3.37
P91457|Q8TA83|3.37
Q22227|O01802|3.37
Q18817|Q27488|3.37
Q18167|Q20655|3.37
Q21747|P48727|3.37
Q18239|Q09490|3.37
Q09293|O76616|3.37
Q18239|P91001|3.37
Q22534|Q9BL41|3.37
Q22534|Q95ZK7|3.37
Q18853|Q10577|3.37
Q18886|Q93228|3.37
O62333|P17139|3.37
Q9XWG3|P91001|3.37
Q9XWG3|O44512|3.37
Q9U2D9|Q9N312|3.37
Q9N4E9|O17698|3.37
Q22534|Q17695|3.37
O44477|Q22866|3.37
G5EFL5|P45972|3.37
Q18267|Q9NA84|3.37
Q09249|Q93716|3.37
P34402|P34402|3.37
Q3V5H0|P55853|3.37
Q9GSX9|O17626|3.37
P34402|O16366|3.37
Q9GSX9|Q19749|3.37
Q9GSX9|P53013|3.37
Q18053|Q94131|3.37
O44165|Q9TZI2|3.37
Q95QB8|O45406|3.37
Q9NF71|P55853|3.37
P34183|O62197|3.37
Q9NGT3|O61818|3.37
Q9NEU1|Q9U226|3.37
Q9NGT3|O44451|3.37
B1Q240|Q3LRZ3|3.37
P34402|P34574|3.37
Q9U2W6|Q09248|3.37
G5EFL5|Q18138|3.37
G5EFL5|Q09436|3.37
B1Q240|P91001|3.37
Q9NGT3|Q965H3|3.37
Q9U3F4|Q18320|3.37
O45766|P47209|3.37
Q9NGT3|Q19749|3.37
Q9NGT3|O16370|3.37
P91457|P47208|3.37
Q9NGT3|P91453|3.37
Q9NGT3|P32085|3.37
P45962|Q09597|3.37
Q21746|Q9XVA9|3.37
Q23403|A7DTF0|3.37
P90916|Q23482|3.37
G5EDU7|P91001|3.37
P45970|P34264|3.37
P34563|Q18786|3.37
Q9NGT3|Q9N428|3.37
Q19336|Q8TA83|3.37
Q19336|Q9U389|3.37
Q22227|P34643|3.37
Q22227|Q9U202|3.37
Q95XM4|Q18235|3.37
Q22227|O62479|3.37
Q7YTG9|Q9U489|3.37
Q9N3R7|Q17635|3.37
P34514|P34334|3.37
Q3Y407|Q9N2Z7|3.37
Q7JP75|Q19749|3.37
Q21234|Q21234|3.37
O44165|Q965Q1|3.37
P91457|P34574|3.37
P90841|O02482|3.37
Q19680|O44451|3.37
Q19680|Q21443|3.37
P39745|P34420|3.37
P39745|Q20502|3.37
P39745|Q21234|3.37
O17915|P27798|3.37
Q19680|Q19749|3.37
Q9XWV4|Q9N4P3|3.37
P91457|Q7K6X4|3.37
Q17868|Q20052|3.37
Q95QJ7|Q22799|3.37
Q93646|Q18678|3.37
Q8TA83|Q9U2W9|3.37
Q95X44|O01796|3.37
O17915|Q22747|3.37
Q93646|P53585|3.37
Q95QV8|Q20896|3.37
P34427|Q17334|3.37
P34427|Q9TYX3|3.37
O17071|Q22866|3.37
Q93654|Q17391|3.37
P34427|O61907|3.37
Q23482|P91001|3.37
Q23482|Q21747|3.37
Q23482|Q23158|3.37
Q27365|O01868|3.37
Q9XTH8|Q9XTH8|3.37
Q17353|Q10654|3.37
Q17353|Q23628|3.37
Q9GYS1|Q19788|3.37
P34574|O17607|3.37
Q9GYS1|P34526|3.37
P34427|Q23402|3.37
Q09260|Q94420|3.37
Q17353|Q09500|3.37
P34574|Q95XZ0|3.37
Q17353|P34504|3.37
O17915|Q20206|3.37
O17915|Q19293|3.37
O17915|Q18983|3.37
Q22703|Q94131|3.37
P34427|O62245|3.37
O17915|P51403|3.37
O17915|P46769|3.37
O17915|P41996|3.37
Q09490|Q9U389|3.37
Q17353|Q9XTS0|3.37
Q21747|Q20655|3.37
Q9XWV4|Q9N457|3.37
Q21531|Q23158|3.37
Q9U3C6|P47209|3.37
O17917|Q9U2H4|3.37
O17917|O61907|3.37
Q95QB8|Q95QB8|3.37
Q9N5V3|Q9U1S5|3.37
Q19325|Q22258|3.37
P90851|Q8WQA5|3.37
O17917|O16850|3.37
O17917|Q20727|3.37
O16519|Q21747|3.37
O62196|Q18688|3.37
Q7JNG1|Q23542|3.37
O02115|Q22260|3.37
O17695|Q18231|3.37
O17695|Q20796|3.37
Q09490|Q9U2F1|3.37
Q20129|Q22021|3.37
Q9U3E2|Q9N2Z7|3.37
O45605|P50880|3.37
C1P635|Q9U9K0|3.37
Q9XUW7|Q22826|3.37
O17917|Q10124|3.37
P90921|Q18025|3.37
O17550|Q22078|3.37
C1P635|O44326|3.37
O17917|Q20448|3.37
Q9N3Z3|Q9XTY9|3.37
Q9U2I2|Q9U3S0|3.37
Q94230|P54811|3.37
Q9U2I2|P91029|3.37
Q9U2I2|P41988|3.37
Q9U2I2|Q23237|3.37
Q23255|Q19416|3.37
Q23255|Q22975|3.37
Q8MYM9|Q9N5V3|3.37
O17917|Q9XVQ9|3.37
O17917|O62136|3.37
Q95YE6|Q18255|3.37
O45711|Q20950|3.37
O02115|P50432|3.37
O17917|Q10651|3.37
O01541|P34540|3.37
O17917|Q09491|3.37
Q9N5U1|P34341|3.37
O01541|Q22866|3.37
Q09615|O02099|3.37
O62193|Q21443|3.37
O01506|Q93203|3.37
Q9XW55|Q86G90|3.37
O62193|Q19969|3.37
P52478|P27798|3.37
Q9N5M2|P55853|3.37
Q22227|Q86DC6|3.37
Q19325|O16646|3.37
Q22227|Q7K714|3.37
P34471|P51403|3.37
Q9N5M2|P34766|3.37
Q22227|Q10006|3.37
Q22227|Q17411|3.37
Q22534|Q23419|3.37
Q22534|P34669|3.37
P52874|Q21827|3.37
Q22227|P32085|3.37
P41848|P34766|3.37
P41848|O45603|3.37
Q22620|Q19901|3.37
Q22619|Q95R08|3.37
Q22619|O45603|3.37
Q22227|Q27355|3.37
O16785|Q9BI89|3.37
Q95ZJ1|P91129|3.37
Q8ITY3|O18282|3.37
Q8ITY3|Q9N4I4|3.37
Q21028|Q9XVH6|3.37
O62193|O44625|3.37
Q22676|Q8I0Z1|3.37
Q94392|O61907|3.37
Q9GZG8|P50093|3.37
Q22366|P53588|3.37
Q9NAN2|Q09289|3.37
Q9NAN2|Q19130|3.37
Q9NAN2|Q09248|3.37
Q8ITY3|P47991|3.37
Q9NAN2|P34288|3.37
Q17339|P54412|3.37
Q17339|P98080|3.37
Q9NAN2|Q8MXR2|3.37
Q9N5U1|P55853|3.37
Q8ITY3|O44820|3.37
P49181|P49405|3.37
Q17381|Q18937|3.37
Q17381|P50880|3.37
Q17381|O16936|3.37
Q17381|P48154|3.37
Q17381|Q9XVM0|3.37
Q17381|Q21361|3.37
Q17381|Q27389|3.37
Q17381|P92004|3.37
Q9U2I2|P52872|3.37
Q9TXU7|Q23158|3.37
Q17381|P91820|3.37
Q9BKS1|P34708|3.37
Q17381|Q9U2W6|3.37
Q17381|Q9U1X3|3.37
Q17381|Q9NEN6|3.37
Q8ITY3|Q9TXI4|3.37
Q10459|Q21746|3.37
Q8ITY3|P34766|3.37
P91866|Q20049|3.37
Q7JMS5|Q20940|3.37
Q9BIC1|Q8I0P7|3.37
Q23158|Q19465|3.37
Q23158|Q95QJ7|3.37
Q20010|Q20010|3.37
Q22557|P54811|3.37
P91281|Q18426|3.37
Q23158|O44509|3.37
Q03604|Q17695|3.37
Q23158|P49405|3.37
Q33BL4|P91001|3.37
O45605|P35129|3.37
O44165|Q21924|3.37
Q20052|Q19905|3.37
Q9U2I2|P32085|3.37
Q20052|Q21993|3.37
Q9U2I2|O45934|3.37
Q23158|Q9XWI6|3.37
Q9U2I2|Q9XVZ8|3.37
Q20052|Q22866|3.37
Q17958|Q17732|3.37
Q9XVP0|P91001|3.37
Q23158|Q23680|3.37
Q33BL4|P34504|3.37
Q9U9Y8|Q17732|3.37
Q9U9Y8|Q9Y051|3.37
Q9XVP0|P13508|3.37
Q9U9Y8|P41884|3.37
Q33BL4|O01700|3.37
Q03604|Q21444|3.37
Q9XVP0|Q94247|3.37
Q9U233|Q10923|8.67775
Q10954|Q93233|8.67775
Q7JMA9|P90985|8.67775
Q9N4A7|Q1ZXS5|8.67775
Q19019|Q9N2Z7|8.67775
P45970|P45970|8.67775
Q9TYX3|Q19203|8.67775
Q10039|P13508|8.67775
P34183|Q21443|8.67775
O17850|P54811|8.67775
P34183|Q19969|8.67775
Q9BLC4|O01482|8.67775
P34183|O62332|8.67775
O44761|P91276|8.67775
O44761|Q19969|8.67775
Q9U3S3|C2BR94|8.67775
P91457|Q93228|8.67775
Q9TVL3|Q17549|8.67775
Q10013|Q965E1|8.67775
Q17348|Q965E1|8.67775
Q9XTU6|Q965E1|8.67775
Q9N4G9|Q965E1|8.67775
Q9U757|Q9XVS8|8.67775
P91457|Q21443|8.67775
P91457|Q19286|8.67775
P91457|Q19969|8.67775
P91457|Q20641|8.67775
P91457|O62332|8.67775
O61199|O45148|8.67775
Q17396|Q20655|8.67775
Q03604|O02365|8.67775
Q22799|O45087|8.67775
Q19503|Q10666|8.67775
Q19213|Q9N4B6|8.67775
P34286|Q8WT44|8.67775
Q18999|Q65CM6|8.67775
P54811|Q22560|8.67775
Q17763|Q21592|8.67775
O62486|Q9U1W1|8.67775
Q95YF3|O16720|8.67775
Q95YF3|Q20578|8.67775
Q95YF3|Q8MQ04|8.67775
O76258|Q09248|8.67775
O76258|Q8MQ04|8.67775
O01488|Q22866|8.67775
O01488|Q23542|8.67775
P34331|Q18282|8.67775
Q7K7J0|P39055|8.67775
Q21746|Q23017|8.67775
Q93233|Q22866|8.67775
Q93233|Q9U2X0|8.67775
Q95X44|O62305|8.67775
Q21501|A8XQE0|8.67775
Q21501|Q8WQA7|8.67775
Q09248|Q93228|8.67775
Q09248|Q5WRT9|8.67775
P34342|Q95017|8.67775
P34342|Q19969|8.67775
Q18318|P30640|8.67775
P46561|O17607|8.67775
P03949|O44246|8.67775
Q95005|Q8MQ04|8.67775
P91155|Q19969|8.67775
Q21921|P41932|8.67775
O18178|Q2PJ68|8.67775
Q95QX1|P34624|8.67775
Q9N5V3|Q19749|8.67775
Q9N5V3|Q20010|8.67775
Q18817|Q03563|8.67775
Q18817|Q94392|8.67775
P34402|Q21443|8.67775
B1Q240|P12844|8.67775
B1Q240|Q9XXR1|8.67775
P34402|Q95XR4|8.67775
Q19335|Q19130|8.67775
Q7YTG9|P13508|8.67775
P54412|P45970|8.67775
Q19639|O76371|8.67775
Q93646|Q27355|8.67775
Q93646|Q10656|8.67775
Q17353|Q18066|8.67775
Q17353|O62305|8.67775
O01541|Q03563|8.67775
C1P635|Q9U308|8.67775
P91870|P91349|8.67775
Q8I103|Q21563|8.67775
Q20052|Q03563|8.67775
Q9XVP0|Q9BKP1|8.67775
G5EFL5|Q58AT7|8.67775
Q20168|Q18318|8.67775
Q20168|Q21443|8.67775
Q20168|Q8TA83|8.67775
Q20168|P91820|8.67775
Q20168|Q9XWR1|8.67775
Q20168|Q23463|8.67775
P90868|P13508|8.67775
B1Q240|Q94420|8.67775
P90868|Q9XUS3|8.67775
P90868|Q8WT44|8.67775
Q93714|P55853|8.67775
Q93647|Q18255|8.67775
P91303|Q95X44|8.67775
Q09543|Q9GZH6|8.67775
O44729|P55853|8.67775
Q8I103|O44820|8.67775
P34442|Q27488|8.67775
P34442|Q94392|8.67775
P34455|Q18318|8.67775
Q20797|Q21443|8.67775
P91349|P91001|8.67775
P91349|P91349|8.67775
Q23023|Q21441|8.67775
Q21215|Q95QM5|8.67775
P17486|P17486|8.67775
P46580|P34545|8.67775
Q9XUJ7|P14792|8.67775
Q20938|Q93647|8.67775
Q22253|O61792|8.67775
Q09583|P41829|8.67775
Q09583|P91437|8.67775
G5EFL5|P34611|8.67775
Q9XTT9|P41829|8.67775
Q9GZH5|P41829|8.67775
Q9GZH5|P14792|8.67775
Q9GZH5|P09446|8.67775
P90868|Q10051|8.67775
O01902|P91349|8.67775
Q9GT24|Q18282|8.67775
O76577|Q23158|8.67775
Q9GT24|Q20183|8.67775
Q9GT24|P34574|8.67775
O17071|P53013|8.67775
Q9GT24|Q22866|8.67775
O16368|P41829|8.67775
O16368|Q9GZH5|8.67775
Q18115|P27420|8.67775
Q18115|P53013|8.67775
O61742|P46502|8.67775
O61742|Q95Y90|8.67775
Q04908|Q20585|8.67775
Q95005|P41829|8.67775
Q9TVL3|P55853|8.67775
Q9TVL3|Q94361|8.67775
Q9TVL3|Q22866|8.67775
Q9XUV0|Q23158|8.67775
Q22253|O76577|8.67775
Q94420|Q17581|8.67775
Q94420|P34766|8.67775
O17921|P34331|8.67775
O17921|Q21443|8.67775
P91408|Q21746|8.67775
P90920|Q21443|8.67775
Q21271|P91349|8.67775
Q9XUS9|P13508|8.67775
P34808|O02056|8.67775
P34808|Q9BL19|8.67775
O45734|P34529|8.67775
O01585|Q8MQ04|8.67775
Q8IA75|Q9NAH1|8.67775
P55853|P34331|8.67775
Q23670|Q18318|8.67775
Q21531|Q21443|8.67775
P34514|Q05036|8.67775
O45934|Q21215|8.67775
Q09599|Q9TVI9|8.67775
Q09599|Q7YSV5|8.67775
Q9NAD6|P34766|8.67775
Q09601|Q21443|8.67775
Q9N3F1|P34611|8.67775
Q21831|Q18318|8.67775
Q95ZV7|P47209|8.67775
P30640|Q23529|8.67775
Q19370|O44720|8.67775
Q19416|P13508|8.67775
Q22799|Q7K714|8.67775
P50464|O45865|8.67775
Q22837|Q03563|8.67775
Q17359|Q19203|8.67775
Q17359|O45521|8.67775
Q17635|Q21531|8.67775
O02482|O02328|8.67775
O45148|Q9XTF3|8.67775
Q17359|Q9N4Q7|8.67775
O45148|Q9TVL3|8.67775
Q19555|Q19325|8.67775
Q19584|Q95QZ8|8.67775
Q23223|Q21443|8.67775
Q336L8|Q19371|8.67775
Q19969|Q21443|8.67775
Q336L8|Q23368|8.67775
Q9U302|Q22866|8.67775
Q17391|Q21443|8.67775
Q9BL83|Q03563|8.67775
Q9BL83|Q9U489|8.67775
O44782|Q22257|8.67775
Q9BL83|Q8TA83|8.67775
Q9BL83|Q65XX1|8.67775
Q9BL83|Q23463|8.67775
Q20052|P91001|8.67775
Q9BKU4|O45865|8.67775
Q9BKU4|Q86CZ8|8.67775
Q20084|Q7Z153|8.67775
O17670|P10038|8.67775
O17670|Q94166|8.67775
O17670|Q95QG2|8.67775
Q22708|Q65CM6|8.67775
O17670|Q10572|8.67775
Q965V4|Q19749|8.67775
Q09528|Q965X6|8.67775
Q95XZ0|Q9XTB3|8.67775
Q09535|P34766|8.67775
Q19294|P34766|8.67775
Q19294|P41829|8.67775
Q19294|Q93572|8.67775
Q19294|Q93573|8.67775
O01422|Q23158|8.67775
Q19294|O45865|8.67775
Q22534|Q22227|8.67775
Q22534|P45970|8.67775
Q22534|Q23158|8.67775
Q22534|O02365|8.67775
O02482|Q09546|8.67775
Q22534|Q8MXR2|8.67775
Q21370|Q94160|8.67775
Q09485|Q9TVI9|8.67775
Q9XVD5|Q10666|8.67775
Q9XWH0|Q21776|8.67775
Q17345|P34766|8.67775
Q17345|O45781|8.67775
Q9GS00|Q9N425|8.67775
Q9N2K7|P91276|8.67775
Q22227|P48152|8.67775
Q22227|P19626|8.67775
Q22227|Q09511|8.67775
Q22227|O16370|8.67775
Q22227|P90901|8.67775
O45577|Q58AT7|8.67775
Q9U2D9|Q22997|8.67775
Q8MXV2|P48727|8.67775
Q22227|Q94392|8.67775
Q22227|P90900|8.67775
Q22227|O45734|8.67775
Q09490|Q18192|8.67775
Q21633|Q20874|8.67775
Q09390|O01961|8.67775
O01964|O45521|8.67775
Q19848|Q7JMA9|8.67775
Q95R06|P55853|8.67775
Q18280|Q21746|8.67775
Q9GSX9|P41829|8.67775
Q9TZB8|O45521|8.67775
Q21227|O16393|8.67775
Q9U2W6|Q21831|8.67775
P50488|P46561|8.67775
Q9NGT3|P91001|8.67775
P20792|Q18688|8.67775
O76689|Q93646|8.67775
Q9NGT3|Q21271|8.67775
P90916|Q21484|8.67775
P90916|O61907|8.67775
P29355|Q20363|8.67775
Q9NGT3|Q95XR4|8.67775
P29355|Q23158|8.67775
P35602|P91150|8.67775
Q17868|P53013|8.67775
P39745|O16370|8.67775
P39745|O16299|8.67775
P39745|P90901|8.67775
P39745|Q95QG5|8.67775
P39745|Q21067|8.67775
P39745|Q22227|8.67775
P39745|Q20858|8.67775
P39745|O02365|8.67775
P34427|Q18823|8.67775
P34427|P10567|8.67775
P34427|Q19286|8.67775
P34427|P90901|8.67775
Q17868|Q09565|8.67775
Q17868|Q07292|8.67775
Q9GYS1|Q18547|8.67775
Q27365|P10567|8.67775
Q27365|Q19286|8.67775
Q27365|P90901|8.67775
P34427|O02365|8.67775
Q27365|O02365|8.67775
Q27365|O76447|8.67775
P22981|Q22875|8.67775
O18017|Q20471|8.67775
O18017|Q23670|8.67775
O18017|Q22258|8.67775
Q95Q25|Q9XW40|8.67775
Q19325|Q21360|8.67775
Q19325|O45734|8.67775
Q19546|O01427|8.67775
P53016|O62196|8.67775
O02115|Q20218|8.67775
O45495|Q9U2R6|8.67775
Q20471|O02115|8.67775
P34471|Q9U302|8.67775
P50464|Q10902|8.67775
O45923|P51559|8.67775
O45923|P34576|8.67775
O45923|O01768|8.67775
Q09615|Q09584|8.67775
P52478|P91443|8.67775
Q22258|Q20471|8.67775
Q19325|Q20950|8.67775
Q9Y048|Q93646|8.67775
Q9TW65|Q93646|8.67775
Q95QA3|Q21215|8.67775
Q22640|P91001|8.67775
Q9U2K8|O02056|8.67775
Q9U2K8|Q9U2R6|8.67775
P91487|Q21746|8.67775
Q9XWP6|Q18919|8.67775
Q9U2I2|P54811|8.67775
Q9U2I2|Q18426|8.67775
Q9U2I2|O44635|8.67775
Q9U2I2|O16299|8.67775
Q9U2I2|O45521|8.67775
Q17381|Q10572|8.67775
Q17381|Q23158|8.67775
Q9U9K0|P34540|8.67775
Q23158|O45313|8.67775
Q23158|Q95017|8.67775
Q23158|O16299|8.67775
Q23158|O01802|8.67775
Q9U2I2|O18048|8.67775
Q23158|Q9UAQ2|8.67775
Q9U2I2|O02365|8.67775
Q23158|Q8MXR2|8.67775
Q17958|Q22553|8.67775
Q9Y041|Q9Y041|8.67775
Q9U9Y8|Q19749|8.67775
Q22836|Q18445|8.67775
P34331|O01850|8.67775
Q9U9Y8|O17921|8.67775
Q9U9Y8|O02289|8.67775
Q9U9Y8|P10983|8.67775
Q9U9Y8|Q22534|8.67775
Q18033|P41829|8.67775
Q9U9Y8|Q09631|8.67775
Q9TZ38|Q09436|8.67775
O45521|P09446|8.67775
Q18033|Q21215|8.67775
O45521|Q9XUS3|8.67775
O45521|P34611|8.67775
Q19863|Q9U1W4|8.67775
Q20483|P46975|8.67775
Q19862|Q9U1W4|8.67775
P46822|G5EBU5|8.67775
Q9Y048|Q10929|8.67775
Q9Y048|Q09501|8.67775
Q9Y048|P10567|8.67775
P46822|Q93228|8.67775
Q9Y048|Q21067|8.67775
Q9Y048|Q86DC6|8.67775
P46822|P34540|8.67775
Q9Y048|Q23158|8.67775
Q9Y048|Q95XR4|8.67775
Q09543|P34766|8.67775
Q94361|Q95017|8.67775
Q10923|Q10923|8.67775
Q03563|Q10943|8.67775
Q03563|Q18688|8.67775
Q03563|Q6BER5|8.67775
Q95ZS1|Q27497|8.67775
Q8MXI4|P91001|8.67775
P34420|Q21215|8.67775
P91016|P34766|8.67775
P34286|O45521|8.67775
P91400|Q9NLD1|8.67775
Q19019|P34766|8.67775
Q8MQ04|Q09490|8.67775
G5EFL5|Q8MPS9|8.67775
G5EFL5|Q9N3Z0|8.67775
Q8MQ04|P14792|8.67775
G5EFL5|Q10667|8.67775
O45784|Q18192|8.67775
O45784|P91829|8.67775
O45784|Q9U226|8.67775
Q10658|Q17490|8.67775
Q22510|Q9XW88|8.67775
Q9XUP3|Q95QW0|8.67775
P41779|Q9N5D6|8.67775
Q22534|Q10929|8.67775
Q22534|Q18239|8.67775
Q22534|Q09501|8.67775
Q22534|P10567|8.67775
Q22534|Q19286|8.67775
Q22534|O01700|8.67775
Q22534|P90901|8.67775
Q22534|Q20641|8.67775
Q07292|P34766|8.67775
Q22534|P12844|8.67775
Q07292|P27604|8.67775
Q9TZ38|Q18350|8.67775
Q07292|P90920|8.67775
Q9TZ38|Q93233|8.67775
Q9TZ38|O16393|8.67775
Q9TZ38|Q18192|8.67775
Q9TZ38|O01961|8.67775
Q9TZ38|Q18239|8.67775
Q9TZ38|Q93366|8.67775
Q9TZ38|P41829|8.67775
Q9XW76|Q9BL19|8.67775
Q9TZ38|P10567|8.67775
Q9TZ38|Q95ZV8|8.67775
Q9XW79|Q19289|8.67775
Q9TZ38|Q19289|8.67775
Q9TZ38|Q9Y051|8.67775
Q9XW79|Q9NA98|8.67775
Q9TZ38|P90901|8.67775
Q95QJ7|Q23017|8.67775
Q9XTM0|Q02332|8.67775
Q9N593|Q23120|8.67775
Q19766|Q21746|8.67775
Q9U2R6|P45962|8.67775
Q9U2R6|Q95PV5|8.67775
P91277|Q93339|8.67775
P91277|Q19018|8.67775
Q9XXH8|Q21443|8.67775
Q9XXH4|Q10661|8.67775
Q9U2Q9|Q22757|8.67775
Q9NH52|Q09566|8.67775
Q9TXJ0|P34766|8.67775
Q21271|P34766|8.67775
Q21271|Q18696|8.67775
Q21271|Q21747|8.67775
Q21271|Q22053|8.67775
Q20084|Q65CM6|8.67775
Q9TZ38|O45599|8.67775
Q9TZ38|P91904|8.67775
Q9TZ38|Q22227|8.67775
Q9TZ38|P45962|8.67775
Q9XTC6|P41829|8.67775
Q9XTC6|O01802|8.67775
Q21746|Q9N2Z7|8.67775
Q9TYT3|Q21307|8.67775
Q9XTG7|Q18NR5|8.67775
O45577|Q8MPS9|8.67775
Q9XWV3|Q9XVK6|8.67775
P34475|P34766|8.67775
P34475|Q19207|8.67775
Q95QC4|Q93573|8.67775
P34475|O44736|8.67775
P34475|P02567|8.67775
O44175|Q95Y89|8.67775
P52874|Q03563|8.67775
Q21029|Q18406|8.67775
O02335|Q2Z1N6|8.67775
Q95QC4|P90901|8.67775
Q21029|Q9XXK1|8.67775
Q9GT24|P34766|8.67775
Q9GT24|Q18955|8.67775
Q9GT24|P50880|8.67775
Q9GT24|Q9XXK1|8.67775
Q95QC4|O77469|8.67775
Q95QC4|P34504|8.67775
Q95QC4|P41932|8.67775
Q95QC4|Q21747|8.67775
Q95QC4|Q22227|8.67775
Q95QC4|P04970|8.67775
Q95QC4|Q9GRZ1|8.67775
P90978|G5ECD7|8.67775
P90978|Q18688|8.67775
P90978|P34574|8.67775
Q22227|Q17746|8.67775
G5EDU7|P91276|8.67775
Q27535|O44781|8.67775
Q9XUS9|Q8MM07|8.67775
Q9XUS3|Q9XVF7|8.67775
Q9XUS3|P52275|8.67775
Q23356|P91001|8.67775
Q23356|Q8TA83|8.67775
Q23356|P09446|8.67775
Q23356|P27604|8.67775
Q23356|Q21215|8.67775
Q22799|Q18192|8.67775
Q23166|Q6AHR3|8.67775
Q22799|P34766|8.67775
Q22799|P91249|8.67775
Q22799|Q19988|8.67775
Q22837|Q9U5C1|8.67775
Q7JNM3|Q10666|8.67775
O01775|Q09533|8.67775
Q22837|Q8MXH2|8.67775
O01775|P91249|8.67775
Q22837|O16682|8.67775
Q18694|O02482|8.67775
Q18694|Q10666|8.67775
Q9XVG8|Q9U2G0|8.67775
P39745|P91001|8.67775
P39745|O44960|8.67775
P39745|Q86G90|8.67775
P39745|Q21829|8.67775
P39745|Q22836|8.67775
P39745|P19826|8.67775
Q09289|Q18115|8.67775
Q93721|O01482|8.67775
A8DYS0|Q65CM6|8.67775
Q93716|Q18937|8.67775
Q02330|P91001|8.67775
Q9TZQ3|P34266|8.67775
Q9TZQ3|Q9TZQ3|8.67775
Q23511|Q19901|8.67775
Q20257|Q10666|8.67775
Q9U1R1|P28548|8.67775
Q9N5Z3|P41829|8.67775
Q9N5Z3|O45815|8.67775
Q09485|Q21701|8.67775
Q09485|Q9GUI3|8.67775
Q95YF3|Q9XVF7|8.67775
Q95YF3|Q10454|8.67775
Q9XVV3|P34766|8.67775
Q8MM07|O76840|8.67775
Q8MM07|Q19204|8.67775
Q8MM07|Q09983|8.67775
Q9XVV3|Q18688|8.67775
Q9XVV3|O45622|8.67775
Q8MM07|Q22685|8.67775
O01427|Q19126|8.67775
Q21592|G5EBU5|8.67775
Q17446|P91001|8.67775
Q17446|Q18018|8.67775
Q17446|P34766|8.67775
Q21592|P53489|8.67775
Q21592|P34540|8.67775
Q17446|O18158|8.67775
Q17446|P10983|8.67775
P34424|Q9N2Z7|8.67775
Q18240|P90985|8.67775
Q27473|Q19289|8.67775
Q09248|Q19289|8.67775
Q09248|Q21215|8.67775
Q10661|O18065|8.67775
Q95YI9|Q9U307|8.67775
Q9NAH2|Q10666|8.67775
G5EFL5|O45521|8.67775
P34504|Q21746|8.67775
P34546|P53013|8.67775
P45897|Q17490|8.67775
P45897|Q18688|8.67775
P45897|P51403|8.67775
P45897|P08124|8.67775
P45897|O17908|8.67775
P45897|Q21128|8.67775
P45897|Q21215|8.67775
P45896|P34766|8.67775
P14792|Q18426|8.67775
P14792|P27604|8.67775
Q65CM6|Q19018|8.67775
P34609|P46822|8.67775
Q9TZ38|Q9XTB3|8.67775
Q9TZ38|Q9N2Z7|8.67775
Q23646|O16453|8.67775
Q8MM07|Q8MM07|8.67775
Q17446|O45436|8.67775
Q10577|Q19335|8.67775
O02108|O17732|8.67775
Q17573|Q9N4B8|8.67775
Q17868|Q10902|8.67775
Q21270|O44502|8.67775
O76840|O45521|8.67775
Q03570|Q9U2R6|8.67775
O18214|Q10666|8.67775
Q17694|Q22092|8.67775
Q9U1R1|Q10666|8.67775
O17666|O16305|8.67775
Q94398|Q10666|8.67775
O17915|O18688|8.67775
P34514|P34766|8.67775
P22981|Q18885|8.67775
O44165|P41988|8.67775
O44165|P46561|8.67775
P17221|Q93794|8.67775
O44165|Q20578|8.67775
O44165|Q9U2F5|8.67775
O44165|O45246|8.67775
O44165|O44406|8.67775
O44165|P27420|8.67775
O18191|O44740|8.67775
O44165|P20163|8.67775
Q94165|O17670|8.67775
O44165|Q9XU82|8.67775
Q9Y1J3|Q9N2Z7|8.67775
O17917|Q23670|8.67775
O17917|Q21970|8.67775
O17917|Q27537|8.67775
O17915|P06125|8.67775
O17915|P10983|8.67775
O44165|P50140|8.67775
O17915|Q9TVH6|8.67775
O17915|Q9N4I4|8.67775
O44165|Q21900|8.67775
Q22227|P45962|8.67775
O44165|Q9NLD1|8.67775
Q20716|P91175|8.67775
Q22227|P34611|8.67775
Q22235|Q21746|8.67775
P34556|P34766|8.67775
O16519|O44480|8.67775
O16519|Q19749|8.67775
Q9U2S6|P91175|8.67775
O44165|P47207|8.67775
O44165|Q86S29|8.67775
P45970|O02056|8.67775
O44165|Q9XVS2|8.67775
P45970|P20163|8.67775
P45970|Q10579|8.67775
Q9XTF3|O61789|8.67775
O44165|Q9N358|8.67775
Q9XTF3|O01767|8.67775
Q94361|P55853|8.67775
Q9U2W6|P55853|8.67775
Q19467|O17698|8.67775
Q23158|G5ECD7|8.67775
Q9TZ38|Q93228|8.67775
O44165|O17732|8.67775
Q22257|P32744|8.67775
Q9N2V6|Q9GSX9|8.67775
Q93442|Q10669|8.67775
Q93442|Q9N337|8.67775
Q8WQG9|P34609|8.67775
P91001|P34689|8.67775
O01836|Q9U3F4|8.67775
P34689|Q9U3F4|8.67775
Q966L9|O44408|8.67775
P91001|O01836|8.67775
O44408|O01836|8.67775
O44408|P34689|8.67775
O44408|O76743|8.67775
Q09596|Q18787|8.67775
Q09596|Q8WQG9|8.67775
O44406|Q93413|8.67775
O44406|P34529|8.67775
O16850|Q21921|8.67775
P90916|O01682|8.67775
Q09596|Q9NB31|8.67775
Q09596|Q9XUV0|8.67775
Q17353|Q19266|8.67775
Q17390|P21541|8.67775
O17695|O01682|8.67775
Q9BKS1|P21541|8.67775
O61460|O44782|8.67775
Q95XZ0|Q8MXR2|8.67775
O18209|Q9U489|8.67775
P90916|O17695|8.67775
O18209|Q9N4H7|8.67775
O18209|Q23463|8.67775
O18209|Q23542|8.67775
Q65XX1|O01422|8.67775
Q65XX1|O01576|8.67775
Q65XX1|Q95PZ0|8.67775
Q9N3C9|Q94420|8.67775
Q9XWI6|P34339|8.67775
Q9N4H7|P91820|8.67775
Q9U757|Q19969|8.67775
Q20168|Q17339|8.67775
Q9U757|Q93647|8.67775
Q20168|Q23158|8.67775
Q9XTG9|P34556|8.67775
Q9XTG9|Q9U2G4|8.67775
Q9N4A7|Q03563|8.67775
Q9N4A7|P91001|8.67775
Q9N4A7|Q9XWR1|8.67775
Q95QC4|Q9U489|8.67775
Q95QC4|Q21443|8.67775
Q95QC4|Q19207|8.67775
Q95QC4|Q9XUS3|8.67775
Q23287|P55853|8.67775
Q23400|Q9XXI9|8.67775
Q23400|Q95XQ8|8.67775
P34647|Q21443|8.67775
P34662|O44156|8.67775
P34662|Q21443|8.67775
P34662|Q09583|8.67775
Q23089|O02482|8.67775
Q17430|Q23158|8.67775
Q95YF3|Q95Q17|8.67775
O76258|Q23158|8.67775
Q20797|Q23158|8.67775
Q22078|Q03563|8.67775
Q9NDC9|P91001|8.67775
Q9NDC9|P13508|8.67775
Q22137|Q03563|8.67775
P41988|P53016|8.67775
P41988|O61792|8.67775
P34563|P91001|8.67775
P34339|Q03563|8.67775
P34339|P90900|8.67775
Q09248|Q23158|8.67775
Q18547|Q23158|8.67775
Q19680|Q23158|8.67775
Q7JNG1|Q23158|8.67775
Q17390|Q9XWU4|8.67775
Q17390|P17221|8.67775
Q17390|Q23457|8.67775
P49594|P17221|8.67775
P17221|P34708|8.67775
Q17390|P34708|8.67775
P90920|Q23158|8.67775
Q21691|P34611|8.67775
Q9U2T9|Q23418|8.67775
Q9U2R6|Q95PV6|8.67775
Q09601|Q23158|8.67775
Q9XW53|Q94420|8.67775
Q09996|P90900|8.67775
Q6IZD5|Q9N2Z7|8.67775
Q23536|Q9N2Z7|8.67775
P34183|Q23158|8.67775
P91457|P10567|8.67775
P91457|Q23158|8.67775
P34647|P34638|8.67775
Q03604|P10567|8.67775
P39055|Q9N2Z7|8.67775
Q03604|Q23158|8.67775
Q22799|O45599|8.67775
Q9BL83|Q23158|8.67775
Q95XZ0|Q09436|8.67775
Q95XZ0|Q93233|8.67775
Q95XZ0|Q9N2Z7|8.67775
O18209|Q23158|8.67775
Q95ZJ1|Q9TYJ7|19.595
Q9N3U8|Q9XUY6|19.595
C1P635|Q8MNT0|19.595
P54936|O61711|19.595
Q22782|O17583|19.595
P54936|O18672|19.595
Q18341|Q18341|19.595
G5ECY0|A5JYY2|19.595
B1Q240|G5EGK8|19.595
Q9N2U6|Q8WQG5|19.595
O17583|G5EGK8|19.595
O44739|P09446|19.595
Q05062|Q19275|19.595
O18302|Q8MNT0|19.595
Q9TXH9|P54812|50.457125
P34328|G5EE65|50.457125
Q20398|Q20398|50.457125
Q17390|Q9XTJ0|50.457125
Q09543|Q9U3Q1|50.457125
Q09543|Q17948|50.457125
O45924|O44451|50.457125
P14792|O18672|50.457125
Q9NDU9|Q93647|50.457125
Q93647|O45285|50.457125
Q2YS43|Q93647|50.457125
Q9N609|Q93647|50.457125
Q21969|O01606|50.457125
Q21969|Q9N6F2|50.457125
Q22227|O61858|50.457125
O62482|Q93203|50.457125
Q22227|O62422|50.457125
Q9N2W5|P54812|50.457125
P51875|Q965M4|50.457125
P51875|Q95QH3|50.457125
O18197|O44501|50.457125
P39745|Q19467|50.457125
P34258|P39055|50.457125
P30625|P21137|50.457125
O16228|O16228|50.457125
Q22227|O18302|50.457125
Q9TXS0|Q9TXS0|50.457125
O62482|P34400|50.457125
O18302|Q93654|50.457125
O18302|G5EGK8|50.457125
P22981|Q8MXF0|50.457125
Q22045|O18302|50.457125
Q9U245|P54936|50.457125
Q17490|Q93203|50.457125
O17915|Q21021|50.457125
C1P635|O61858|50.457125
O17198|G5EDD8|50.457125
Q9NAN2|O18302|50.457125
O18302|O61858|50.457125
Q93647|O17198|50.457125
Q03206|B1V8J8|50.457125
Q9BIC1|O01427|50.457125
G5ECY0|Q18239|50.457125
Q93647|Q9N6F2|50.457125
O62482|Q6IZD5|50.457125
Q7JNW1|P91575|50.457125
O18142|Q0G843|50.457125
Q21969|Q2YS44|50.457125
Q20165|P34328|50.457125
Q93647|O01606|50.457125
Q2YS44|Q93647|50.457125
Q4A1S8|Q93619|50.457125
P35129|Q8WTJ8|50.457125
O01498|P14792|50.457125
G5EFL5|G5ECD7|50.457125
Q21554|Q21934|50.457125
Q93647|Q18262|50.457125
G5EDD8|Q18262|50.457125
Q23451|O61742|50.457125
P41885|Q9NA29|50.457125
P03949|Q6IZD5|50.457125
G5EDD8|Q17962|50.457125
Q9BIC1|O01700|50.457125
P46941|Q17737|50.457125
O16736|O16736|50.457125
P46941|O45539|50.457125
Q21969|O45285|50.457125
Q03563|O01686|50.457125
O16525|G5EDD8|50.457125
Q9XU81|P34605|50.457125
P22981|P91575|50.457125
G5EDD8|O01606|50.457125
Q2YS43|G5EDD8|50.457125
O45335|Q21969|50.457125
O45379|Q18268|50.457125
Q95QI7|Q9XVH7|66.03515
Q18926|Q18926|66.03515
Q86S66|Q86S66|66.03515
Q09474|Q09474|66.03515
Q09601|Q09601|66.03515
O17666|P10986|66.03515
Q9NGT3|Q9NGT4|66.03515
Q9U2D2|Q21829|66.03515
Q9N4A9|Q9N4A9|66.03515
O45244|O45244|66.03515
Q27536|Q27536|66.03515
G5EFL5|Q8MNT0|66.03515
Q22798|Q9NAC5|66.03515
O62203|O62203|66.03515
O17583|O17583|66.03515
O01504|P91913|66.03515
Q21341|Q20168|66.03515
Q09389|Q09389|66.03515
Q6BER6|Q95Q17|66.03515
Q95PX7|Q9N2Z7|66.03515
Q19058|Q19058|66.03515
Q9XWP7|Q9XWP7|66.03515
O62203|Q9XVS2|66.03515
P30429|P42573|66.03515
Q95ZQ4|Q86S66|66.03515
P41958|P42573|66.03515
Q9XW13|Q65CM6|66.03515
Q9XTJ2|Q9NAN3|66.03515
Q94126|Q21361|66.03515
O45244|Q09530|66.03515
Q20062|Q20062|66.03515
O61902|O61902|66.03515
Q23624|Q23624|66.03515
Q93703|Q93703|170.04051125
Q09665|P10986|170.04051125
Q9U2D9|Q9U2D9|170.04051125
P34630|P34630|170.04051125
O17982|Q9GYT4|170.04051125
Q21882|Q21882|170.04051125
Q21443|Q21443|170.04051125
P28548|P28548|170.04051125
P39745|Q21734|170.04051125
P39745|Q09510|170.04051125
O62389|O45436|170.04051125
P06581|P06582|170.04051125
Q27522|O17680|170.04051125
O17680|O17680|170.04051125
Q9U3S0|Q9U3S0|170.04051125
Q8MXS8|Q8MXS8|170.04051125
P34685|P34686|170.04051125
Q9XXD0|Q9XXD0|170.04051125
O01501|Q22198|170.04051125
P42170|P42170|170.04051125
P49029|Q21832|170.04051125
Q93647|Q20775|170.04051125
Q23356|P90978|170.04051125
Q93647|Q93647|170.04051125
Q6AHR3|Q6AHR3|170.04051125
Q9XUS5|Q9XUS5|170.04051125
Q95Y87|Q95Y87|170.04051125
Q93647|Q94251|170.04051125
Q17413|Q9U3I7|170.04051125
P45896|Q95QI7|170.04051125
O01583|O17915|170.04051125
P46577|O01426|170.04051125
P90978|Q9U2U0|170.04051125
Q19018|Q19018|170.04051125
Q95QC4|P13508|170.04051125
O61790|O61790|170.04051125
Q9TZA6|Q9TZA6|170.04051125
Q07750|P10983|170.04051125
Q07750|P10986|170.04051125
Q9GT24|Q9U302|170.04051125
P34475|P52275|170.04051125
P06581|P34696|170.04051125
O45666|O16346|170.04051125
Q22708|Q20084|170.04051125
Q86NH1|Q9N2Z7|170.04051125
P91277|Q7Z153|170.04051125
Q21080|Q21080|170.04051125
Q9XV46|Q9XV46|170.04051125
Q10653|Q03563|170.04051125
G5EFL5|G5EFL5|170.04051125
Q9N2M2|Q9N2M2|170.04051125
Q22743|Q9TVH6|170.04051125
Q22174|P53013|170.04051125
Q9XU12|O17887|170.04051125
P10986|O45815|170.04051125
Q9N537|Q27497|170.04051125
O45666|O44577|170.04051125
Q10577|Q22469|170.04051125
O45666|O45987|170.04051125
O45666|O18141|170.04051125
O45666|Q8MXH2|170.04051125
O02108|Q18688|170.04051125
P10986|P10983|170.04051125
O45666|Q9GTD4|170.04051125
Q10929|P34400|170.04051125
P34808|P34808|170.04051125
Q93353|Q93714|170.04051125
Q22544|Q22544|170.04051125
Q93233|Q93233|170.04051125
O45666|O45666|170.04051125
O17666|Q23158|170.04051125
O45666|Q09587|170.04051125
Q20347|O44408|170.04051125
Q20347|Q8WQG9|170.04051125
O45666|Q9XXL7|170.04051125
O45666|Q86PJ4|170.04051125
Q10457|Q10457|170.04051125
Q9GRY9|Q9GRY9|170.04051125
Q9XU77|Q9XU77|170.04051125
P41999|P41999|170.04051125
Q94126|Q9NAE4|170.04051125
P41941|O16000|170.04051125
Q9GRZ1|Q9GRZ1|170.04051125
Q23089|Q21021|170.04051125
Q20660|Q20660|170.04051125
P46822|P46822|170.04051125
O45666|Q9U1R0|170.04051125
O44165|O44165|170.04051125
O17680|P50305|170.04051125
O17680|P50306|170.04051125
O62246|Q9N4H7|170.04051125
Q20414|Q20414|170.04051125
Q20414|Q9XVS2|170.04051125
O45521|O45521|170.04051125
O17071|Q09583|170.04051125
O44165|Q93413|170.04051125
Q23158|Q9UB28|170.04051125
P17329|P17330|170.04051125
Q09454|P49958|170.04051125
P34331|Q21776|170.04051125
O44165|Q9U2G0|170.04051125
P41994|P41994|170.04051125
O45904|O45904|170.04051125
O44156|O17586|170.04051125
Q95005|Q94392|170.04051125
Q27488|Q94392|170.04051125
Q27488|O76371|170.04051125
O17071|Q27488|170.04051125
Q9N368|Q18409|170.04051125
P91829|P91829|170.04051125
Q21155|Q18409|170.04051125
O45189|Q17385|170.04051125
O45189|Q22030|170.04051125
Q9N4H6|Q9N4H6|170.04051125
Q9TW65|Q9Y048|170.04051125
Q9N5M2|Q21993|170.04051125
O45923|O45923|170.04051125
O76577|O76577|170.04051125
O62305|O62305|170.04051125
Q86G90|Q86G90|170.04051125
Q18841|O02115|170.04051125
Q18841|Q18547|170.04051125
Q95Q27|Q9U2I2|170.04051125
Q20471|Q20471|170.04051125
P53016|Q18841|170.04051125
P62784|P34440|170.04051125
Q19546|Q17978|170.04051125
Q95XX0|P52478|170.04051125
Q9N3T8|Q9TXR4|170.04051125
P90868|O62102|170.04051125
P39745|Q10664|170.04051125
O17915|Q9UAQ6|170.04051125
P22981|Q19852|170.04051125
O17915|O17244|170.04051125
Q18986|Q18986|170.04051125
P10983|O45815|170.04051125
P39745|O62305|170.04051125
P10984|P10986|170.04051125
Q09584|Q18409|170.04051125
Q17936|Q65CM6|170.04051125
P39745|G5ECD7|170.04051125
P10984|P10984|170.04051125
P35602|Q9N4F3|170.04051125
P35602|Q22227|170.04051125
P10984|P10983|170.04051125
P10984|O45815|170.04051125
P29355|Q9N5D3|170.04051125
P10983|P10983|170.04051125
Q8MPT2|O01915|170.04051125
P29355|O45539|170.04051125
P29355|Q93203|170.04051125
Q09436|Q09436|170.04051125
O17731|O17731|170.04051125
P34556|Q17868|170.04051125
Q95005|O17071|170.04051125
Q27488|Q27488|170.04051125
Q9XUV0|Q27488|170.04051125
Q17370|Q17589|170.04051125
P54936|O17583|170.04051125
Q17796|P14792|170.04051125
Q9U2W6|Q9U2W6|170.04051125
Q9U2X0|Q9U2X0|170.04051125
Q21900|Q9U302|170.04051125
Q22227|Q18239|170.04051125
Q95R06|Q95R06|170.04051125
O45583|O45583|170.04051125
Q22227|Q22227|170.04051125
O45189|Q19018|170.04051125
Q9U304|Q9XVS2|170.04051125
O16612|O16612|170.04051125
Q22037|Q9XVS2|170.04051125
Q9XVS2|Q9XVS2|170.04051125
Q18801|Q18801|170.04051125
Q22703|Q9U289|170.04051125
Q2PJ68|Q9Y1J3|170.04051125
Q17941|Q9XTG7|170.04051125
P54811|P54811|170.04051125
Q18999|Q9N394|170.04051125
Q20060|Q09591|170.04051125
P48996|Q09591|170.04051125
Q17941|Q2PJ68|170.04051125
Q18776|Q18776|170.04051125
Q17941|Q9Y1J3|170.04051125
Q9XTG7|Q2PJ68|170.04051125
O01836|P34689|170.04051125
Q18999|Q18999|170.04051125
P34689|P34689|170.04051125
O01836|O01836|170.04051125
Q966L9|Q966L9|170.04051125
P20271|Q94160|170.04051125
Q9U3E2|Q94160|170.04051125
Q9XTG7|Q9Y1J3|170.04051125
P91988|P91988|170.04051125
Q9XVU2|Q9XVU2|170.04051125
P34497|Q9XVU2|170.04051125
P53016|P34429|170.04051125
O45137|O45137|170.04051125
Q21703|Q21702|170.04051125
Q9N5G4|Q9N5G4|170.04051125
Q9N5G3|Q9N5G3|170.04051125
Q9BKS1|Q17390|170.04051125
Q21747|Q21747|170.04051125
Q7JL40|Q23539|170.04051125
Q09528|Q21372|170.04051125
Q21746|Q21746|170.04051125
Q17334|Q17334|170.04051125
Q20084|Q17385|170.04051125
O17835|Q23539|170.04051125
P39055|P39055|170.04051125
O45709|Q19774|170.04051125
Q20084|Q22030|170.04051125
Q9XXH8|Q9XXH8|170.04051125
Q20084|Q19018|170.04051125
Q20084|O62068|170.04051125
O17836|Q23539|170.04051125
Q93572|P91913|170.04051125
Q10664|Q07292|170.04051125
Q19969|Q9N5V3|170.04051125
O16299|O16299|170.04051125
Q8MYQ1|Q22573|170.04051125
Q21633|Q9N2Z7|170.04051125
Q19530|Q21299|170.04051125
P51875|Q95QJ7|170.04051125
Q17359|P34766|170.04051125
Q22799|Q22799|170.04051125
Q17446|O62305|170.04051125
Q09565|O45666|170.04051125
Q65CM6|Q65CM6|170.04051125
Q17446|Q18846|170.04051125
Q17446|Q9TZ16|170.04051125
Q9XVV3|Q10902|170.04051125
Q9XVJ3|Q9XVJ3|170.04051125
Q09476|G5EFL5|170.04051125
Q8MXK0|Q19496|170.04051125
Q9NAD6|Q9NAD6|170.04051125
O76828|Q17905|170.04051125
