Q9P795|Q10192|2.575
O74398|Q09914|2.575
O74881|O13959|2.575
Q9UTN3|Q9UTG4|2.575
Q9P795|Q8TFH1|2.575
Q9UTN3|O14049|2.575
Q9UTN3|P35679|2.575
Q9USV1|P36604|2.575
Q9UTN3|Q8TFH1|2.575
Q9UTN3|Q9UUC1|2.575
Q9UT08|P00332|2.575
Q9UTN3|P36585|2.575
Q9UTN3|O74538|2.575
Q9UTN3|Q9UT56|2.575
Q9UTN3|O42706|2.575
Q9UTN3|Q10192|2.575
Q9UUB7|O59855|2.575
Q9UUB7|Q10284|2.575
Q9UUB7|O42923|2.575
Q9UUB7|P22774|2.575
Q9UUB7|P36604|2.575
Q9UUB7|Q09868|2.575
Q9UUB7|O59838|2.575
Q9UUB7|O94438|2.575
Q9UUB7|Q09781|2.575
Q9UUB7|Q10265|2.575
Q9Y802|O60176|2.575
Q9P795|P35679|2.575
Q9P795|Q9P784|2.575
P28829|P42657|2.575
Q9UTN3|Q9P784|2.575
P50998|Q9UUK2|2.575
Q9Y709|O74783|2.575
Q9P795|P36585|2.575
P04913|P41391|2.575
O43085|P50522|2.575
O43085|Q10119|2.575
P50998|P87152|2.575
Q9P795|O42706|2.575
O14302|O43079|2.575
Q9P3W5|Q10064|2.575
O13670|P25295|2.575
Q9P795|Q9UUC1|2.575
O94488|O14157|2.575
O94701|O14217|2.575
P0CG72|Q9P5N2|2.575
Q9USV1|O94260|3.37
O13290|Q9P3W4|3.37
Q9USV1|O74953|3.37
Q9HFE8|O14311|3.37
Q9USV1|O59672|3.37
Q9HFE8|O94397|3.37
Q9UTN3|P08093|3.37
Q9UTN3|O74904|3.37
Q9UTN3|P79013|3.37
Q9USV1|P08093|3.37
Q9UTN3|Q10330|3.37
Q9UTN3|O94754|3.37
Q9UTN3|O14150|3.37
Q9UTN3|Q10157|3.37
Q9USV1|P0C014|3.37
Q9UTN3|P05732|3.37
Q09760|O74762|3.37
Q9UTN3|Q92354|3.37
Q9UTN3|O42935|3.37
Q9UTN3|O42867|3.37
Q9USV1|O75000|3.37
Q9UTN3|Q9HGL8|3.37
Q9UTN3|Q10101|3.37
Q9UTN3|P79071|3.37
O74778|Q09760|3.37
Q9UTN3|O42848|3.37
Q9UTN3|P78946|3.37
Q9UTN3|P59289|3.37
Q9UTN3|O94238|3.37
Q9UTN3|Q09668|3.37
Q9UTN3|O14469|3.37
O74778|O13959|3.37
Q9UTN3|O42952|3.37
Q9UTN3|O14277|3.37
Q9USV1|O74864|3.37
Q9USV1|O14340|3.37
Q9USV1|Q09668|3.37
Q9UTN3|O60128|3.37
Q9UTN3|Q9UTQ6|3.37
Q9UTN3|O74892|3.37
Q9USV1|O94305|3.37
Q9HFE8|O13722|3.37
Q9P795|P08093|3.37
Q9P795|O74904|3.37
Q9P795|P79071|3.37
Q9P795|Q10101|3.37
Q9P795|Q09668|3.37
Q9P795|O42935|3.37
Q9P795|O94754|3.37
Q9P795|O74895|3.37
Q10990|O14122|3.37
Q9P795|O42867|3.37
Q9P795|P40370|3.37
Q9P795|P04913|3.37
Q9P795|P09322|3.37
P87169|O14417|3.37
Q9P795|O60101|3.37
Q9P795|O14469|3.37
Q9P795|P36580|3.37
Q9P795|Q9HGL8|3.37
Q09685|Q9USM4|3.37
Q9P795|P05732|3.37
Q9P795|Q09330|3.37
Q9P795|P78946|3.37
Q9P795|P79013|3.37
Q9P795|O14388|3.37
Q9UTN3|O94659|3.37
Q9UTN3|O94268|3.37
Q09685|Q09882|3.37
Q9UTN3|P35551|3.37
O43071|O59706|3.37
Q9P3W4|Q9P3W4|3.37
Q9P3W4|O14029|3.37
Q9P3W4|O60153|3.37
Q9P3W4|O14014|3.37
Q9P3W4|O94692|3.37
Q9P3W4|O43059|3.37
Q9P3W4|O14340|3.37
Q9P3W4|O14124|3.37
Q9P3W4|O13705|3.37
Q03392|P0CG72|3.37
O74958|Q10295|3.37
O94701|Q11120|3.37
O43071|O42643|3.37
O43071|Q9USV3|3.37
Q9Y808|Q9US25|3.37
Q9HE02|Q9Y808|3.37
Q9HE02|Q9P7Y4|3.37
Q9HE02|Q9P6L8|3.37
Q9HE02|Q9US25|3.37
Q9HE02|Q10477|3.37
O60104|Q10477|3.37
O74803|P87048|3.37
Q09822|O14302|3.37
Q09822|O14188|3.37
O43071|Q9P7C5|3.37
O14302|P42656|3.37
O14302|P42657|3.37
O14302|Q9Y7Z8|3.37
O14302|Q10253|3.37
O14302|O42854|3.37
O14188|P42656|3.37
O14188|P09322|3.37
O14188|P36602|3.37
O14188|O94659|3.37
O14188|O74791|3.37
O14188|O94567|3.37
O14188|Q01475|3.37
O14188|Q10179|3.37
O14188|O13914|3.37
O14188|Q9P785|3.37
O14188|O14134|3.37
O14188|Q9UTG4|3.37
O14188|O59678|3.37
O14188|P36579|3.37
O14188|Q09722|3.37
O14188|O14236|3.37
Q9UTM3|Q9Y7J4|3.37
Q9UTM3|P32390|3.37
Q9HFE8|Q9P7J7|3.37
Q9Y7J4|P87048|3.37
P04909|P87074|3.37
P04910|P87074|3.37
O43071|O94417|3.37
Q9Y7K2|Q9P7Y9|3.37
O94701|O94513|3.37
Q9USV1|O60128|3.37
O94687|Q10426|3.37
Q10426|O74957|3.37
O94687|O60016|3.37
P09988|Q10426|3.37
Q10432|P41004|3.37
O43071|Q09909|3.37
Q12702|O94360|3.37
O42656|O60183|3.37
O42656|P17608|3.37
O43071|Q9P6R9|3.37
Q9P7J8|Q9P7Y9|3.37
P17608|Q9P7Y9|3.37
P17608|O14356|3.37
P17608|Q09743|3.37
O59740|P25295|3.37
P78953|O60129|3.37
P78953|O43058|3.37
Q10243|O94655|3.37
O43071|Q10163|3.37
P24339|O74957|3.37
O43071|O59800|3.37
P01129|P40923|3.37
Q9P7H1|O42954|3.37
Q9HFE8|O74462|3.37
O74309|Q09794|3.37
O74309|O43083|3.37
O74309|P87144|3.37
O74309|P41887|3.37
O74309|O42644|3.37
O94701|Q9UTM3|3.37
O74309|Q9Y823|3.37
O43071|Q9UUC6|3.37
O74309|Q1K9C2|3.37
O43071|P87126|3.37
O74309|P20772|3.37
O74309|P42656|3.37
O74309|P21696|3.37
O74309|O94489|3.37
Q9USV1|Q9HGL8|3.37
O74309|O59838|3.37
O74309|P87048|3.37
O74309|P31411|3.37
O74309|P04689|3.37
O74309|O14160|3.37
O74309|P36580|3.37
O74309|O13775|3.37
O74309|Q9C0X6|3.37
O74309|P78780|3.37
O74309|O60101|3.37
Q9USV1|P79057|3.37
O74309|Q10265|3.37
O43083|P87314|3.37
O43083|P87315|3.37
Q9USR1|P41878|3.37
Q9P7A1|P41878|3.37
Q9P7A1|P87048|3.37
Q9USR1|P87048|3.37
Q9P7T4|Q9UUM2|3.37
Q9P7T4|O14350|3.37
Q9P7T4|Q9P7T4|3.37
P78958|P87323|3.37
P32372|P50582|3.37
P32372|O59836|3.37
Q9HFE8|O14174|3.37
Q9USV1|O94238|3.37
P26306|P15398|3.37
P26306|Q9P7X8|3.37
Q9P3U0|Q10187|3.37
O94269|O94260|3.37
O60139|O14259|3.37
Q09879|O13776|3.37
Q92353|P87048|3.37
O43071|P78794|3.37
O43071|O74370|3.37
O43071|O59733|3.37
Q92353|O74762|3.37
O43071|Q9UU80|3.37
Q92353|O42897|3.37
Q92353|Q9P7S2|3.37
O43071|O14161|3.37
O43071|Q9Y805|3.37
O43071|O74772|3.37
O75002|Q10100|3.37
Q10325|O60127|3.37
Q09738|Q7LL15|3.37
O75002|Q9UT49|3.37
Q09738|Q9HFE8|3.37
Q9USX3|Q9USX3|3.37
O94701|P40375|3.37
Q9USV1|P78958|3.37
Q9UUB6|O74762|3.37
Q9UUB6|O74445|3.37
Q9UUB6|O14126|3.37
Q9UUB6|O74894|3.37
Q9UUB6|Q9Y7Y6|3.37
Q9UUB6|Q9UTM3|3.37
Q9UUB6|O42897|3.37
Q9UUB6|Q9P7S2|3.37
Q9UUB6|Q10335|3.37
Q9UUB6|O94517|3.37
Q9UUB6|O94579|3.37
Q9UUB6|O14250|3.37
Q9UUB6|O43063|3.37
Q9UUB6|O74440|3.37
Q9UUB6|Q9UT97|3.37
Q9UUB6|Q9US13|3.37
Q9UUB6|P30655|3.37
Q9UUB6|Q9P7H8|3.37
Q9UUB6|P50524|3.37
Q9UUB6|Q9USQ9|3.37
Q9UUB6|Q9UQY2|3.37
Q9UUB6|Q10329|3.37
Q9UUB6|Q09841|3.37
Q9UUB6|Q09720|3.37
Q9UUB6|Q9Y7T8|3.37
Q9UUB6|Q10311|3.37
Q9UUB6|Q09682|3.37
Q9UUB6|O59770|3.37
O13974|Q9P3A7|3.37
P41878|O42897|3.37
P41878|Q9UTM3|3.37
P41878|Q9P7S2|3.37
P41878|Q10335|3.37
P41878|O74762|3.37
P41878|Q9US13|3.37
O13862|O74957|3.37
Q9HFE8|O60097|3.37
Q09725|P30776|3.37
O94701|Q10161|3.37
O94701|Q9UTM4|3.37
O94701|Q01475|3.37
Q9USV1|O60153|3.37
P42656|P36631|3.37
P41878|P50524|3.37
O74944|P22193|3.37
O74944|P78955|3.37
O13735|P87061|3.37
O14216|P04551|3.37
P36581|P36604|3.37
Q09917|Q09914|3.37
P12000|Q03392|3.37
P41878|Q9Y7Y6|3.37
Q9USV1|O94754|3.37
P41878|Q9USM1|3.37
O13453|O74919|3.37
Q9USV1|P79009|3.37
P41878|Q9P7H8|3.37
Q10159|Q9UR39|3.37
Q9HFE8|Q9USU8|3.37
Q10064|O42924|3.37
Q9USV1|P40370|3.37
P54789|Q09142|3.37
Q09142|Q10067|3.37
Q9Y825|Q1MTN9|3.37
Q9Y825|Q03392|3.37
P40381|P87315|3.37
P40381|P87314|3.37
O74515|P87315|3.37
Q10064|O14240|3.37
Q09142|Q9Y794|3.37
Q09142|O74796|3.37
Q9USV1|O74884|3.37
Q9UTR8|O74958|3.37
Q10295|Q9UTR8|3.37
Q10146|Q9UTR8|3.37
Q9HFE5|O13928|3.37
Q9USV1|Q92365|3.37
Q9USV1|Q9P7I2|3.37
Q9Y794|O74796|3.37
Q10198|Q09933|3.37
O42913|P40923|3.37
P41412|P40923|3.37
Q9USV1|Q10209|3.37
O42936|P87243|3.37
O74796|Q10067|3.37
O42936|Q9UU96|3.37
Q10272|P87243|3.37
Q10159|P26306|3.37
Q10159|P78955|3.37
Q9UU96|P87243|3.37
O14188|P78953|3.37
P79065|Q12705|3.37
Q1MTQ1|Q12705|3.37
Q10134|O74790|3.37
Q9USJ7|Q11120|3.37
Q09196|P78953|3.37
Q9USI6|P78953|3.37
O14188|Q9USI6|3.37
Q09822|P78953|3.37
O94643|O74844|3.37
O94643|O94716|3.37
O94643|O36024|3.37
O94643|O13952|3.37
O94643|O94261|3.37
O94643|Q9UTP3|3.37
O94643|O14011|3.37
O94643|Q9Y738|3.37
O94643|P87297|3.37
P87227|O74844|3.37
P87227|O94716|3.37
P87227|O36024|3.37
P87227|O13952|3.37
P87227|O94261|3.37
P87227|Q9UTP3|3.37
P87227|O14011|3.37
P87227|Q9Y738|3.37
P87227|P87297|3.37
P87227|Q10198|3.37
Q9Y738|Q9US26|3.37
Q9Y738|P87297|3.37
Q9Y738|Q01475|3.37
Q9Y738|O14011|3.37
Q9Y738|O74844|3.37
Q9Y738|Q9UTP3|3.37
Q9Y738|O94716|3.37
O43085|Q10208|3.37
O43085|Q9UTK7|3.37
O43085|Q9HE10|3.37
O43085|O74498|3.37
O43085|P87056|3.37
Q9UTK7|Q9HE10|3.37
Q9UTK7|O14175|3.37
Q9UTK7|O43019|3.37
Q09330|Q10426|3.37
Q09330|Q10103|3.37
Q09330|Q9HGL6|3.37
O74483|P39964|3.37
P40382|P41411|3.37
Q09824|P33520|3.37
Q09927|Q09927|3.37
Q09330|O13802|3.37
Q10287|P04551|3.37
Q09330|Q06975|3.37
Q10287|P10815|3.37
Q09330|Q9UTE6|3.37
Q10287|P36630|3.37
Q09330|O36021|3.37
P87231|Q9C103|3.37
Q09330|O94659|3.37
Q09842|O60127|3.37
Q09330|Q9Y7M6|3.37
Q09330|O60164|3.37
Q10303|Q10235|3.37
Q10303|P04689|3.37
Q09330|O59678|3.37
O13684|Q9P7H1|3.37
O13851|O43091|3.37
O13684|O43068|3.37
Q9Y705|O14417|3.37
P36632|P32372|3.37
Q09330|O94403|3.37
Q09330|O74460|3.37
Q09330|Q9UU76|3.37
Q9UUM2|P50582|3.37
P32372|P78955|3.37
O13648|O13784|3.37
Q09330|O74862|3.37
Q9UTN3|Q9UTQ0|3.37
Q9UTN3|O42648|3.37
Q9UTN3|Q9UT32|3.37
Q9UTN3|O42832|3.37
Q9UTN3|O42943|3.37
O13688|Q53EK2|3.37
Q09842|O14240|3.37
Q9UTN3|O94403|3.37
Q09808|Q09808|3.37
Q9UTN3|Q9HGL6|3.37
Q9UTN3|O13802|3.37
Q9UTN3|Q06975|3.37
P36631|P0CY14|3.37
P04551|Q10585|3.37
P30821|P04913|3.37
Q9UTN3|Q9UUJ4|3.37
O74113|Q09761|3.37
Q9UTN3|O59678|3.37
Q09842|Q9P6N2|3.37
Q9UTN3|O94407|3.37
Q9UTN3|P87058|3.37
P79083|P87048|3.37
Q09761|P49731|3.37
P78795|O74760|3.37
Q9UTN3|O14036|3.37
Q9UTN3|O74388|3.37
Q9UTN3|Q10215|3.37
O13688|Q4PIR3|3.37
Q9UTN3|Q9UTK0|3.37
Q9UTN3|Q9UU79|3.37
Q9UTN3|Q9UU76|3.37
Q9UTN3|Q9UUG1|3.37
Q9UTN3|Q9UTD7|3.37
P78795|O94513|3.37
Q09843|P50531|3.37
O94444|Q9URV2|3.37
Q9UTN3|P56286|3.37
Q9UTN3|P56329|3.37
Q9UTN3|Q09130|3.37
Q9UTN3|P56289|3.37
Q9UTN3|Q10475|3.37
Q9UTN3|O94476|3.37
P30290|P41887|3.37
Q9UTN3|Q9URV0|3.37
Q10064|O59773|3.37
O13688|Q9Y7U4|3.37
O13688|Q6BDR8|3.37
Q10064|O42871|3.37
Q10064|Q9UU94|3.37
Q10064|Q9P7X7|3.37
Q10064|Q10319|3.37
Q6BDR8|Q4PIR3|3.37
Q9P6M0|Q9P7M3|3.37
Q6BDR8|O94668|3.37
P36581|Q01682|3.37
P40847|P40847|3.37
O60104|Q9HE02|3.37
Q9HE02|P87306|3.37
Q9HE02|O14198|3.37
Q9HE02|O94646|3.37
P40381|Q09926|3.37
Q09842|O94436|3.37
O74358|O94688|3.37
O94688|O42659|3.37
Q09842|Q10325|3.37
O74358|O42839|3.37
P41889|O42659|3.37
Q9UUG9|Q09778|3.37
O14003|P50531|3.37
O94513|O94444|3.37
O94513|P87048|3.37
O94513|P50524|3.37
Q9UTM3|P87048|3.37
Q9UTM3|P50524|3.37
O94701|O94567|3.37
Q09842|O74759|3.37
P41889|O94688|3.37
O74358|Q874R3|3.37
O74358|Q9UT86|3.37
O94668|Q53EK2|3.37
Q92351|Q10432|3.37
O59790|Q9P7H1|3.37
O14026|P36594|3.37
O14026|Q02061|3.37
Q10432|P56523|3.37
O74358|Q9URV2|3.37
O42980|O13790|3.37
O42980|O14122|3.37
O13612|O13790|3.37
O94454|O42980|3.37
O74358|O42659|3.37
O42839|Q9URV2|3.37
O74910|O60016|3.37
O74910|Q9UTR8|3.37
O60016|Q9UTR8|3.37
O74498|Q9P3A7|3.37
Q9UTK7|O74498|3.37
O42839|Q874R3|3.37
O59757|Q10113|3.37
O42839|Q9P4W7|3.37
O42839|O13916|3.37
O36027|O74352|3.37
O42839|O42659|3.37
O94513|O74760|3.37
O94513|Q10425|3.37
Q8WZK0|O74968|3.37
O94513|O59855|3.37
Q9Y7K2|O94363|3.37
P40381|P56523|3.37
O42839|O42971|3.37
O94423|O42839|3.37
O13615|Q8WZK0|3.37
O42839|O94688|3.37
O13615|Q9UUI3|3.37
O13615|Q10178|3.37
O14140|Q09330|3.37
O14140|P41838|3.37
Q7LL22|Q9UTS6|3.37
Q9P7H1|Q9UTS6|3.37
Q9C0W0|P87227|3.37
O14140|O13792|3.37
O42839|Q9UT86|3.37
Q9P6L5|Q9UU83|3.37
Q09822|Q9UTR4|3.37
Q09722|O74760|3.37
O94643|P87227|3.37
Q9P6M3|Q9Y738|3.37
O74946|Q09142|3.37
O94643|Q9C0W0|3.37
P14605|Q9P7K5|3.37
Q9UT49|P41887|3.37
O94513|O94513|3.37
O94244|Q9P802|3.37
O94722|Q9P7F9|3.37
Q9P7R5|Q9UT52|3.37
Q9Y705|P87244|3.37
Q9Y705|Q9P7R5|3.37
Q9Y705|Q9UT52|3.37
O60104|Q9Y7N2|3.37
Q9P7X2|P36594|3.37
O60104|O14010|3.37
P36622|P28829|3.37
P39825|Q10059|3.37
O74739|Q06182|3.37
Q10426|O74560|3.37
O74398|Q09822|3.37
O60104|O14459|3.37
P26306|Q9USX1|3.37
P22193|Q9USX1|3.37
P78955|Q9USX1|3.37
P23566|Q1MTQ0|3.37
O94701|P36580|3.37
Q9HDY1|O42874|3.37
O60104|Q09191|3.37
O60104|P87123|3.37
O60104|O13877|3.37
P28040|P40381|3.37
Q10426|O13959|3.37
Q10325|O14240|3.37
O13983|O59753|3.37
Q9UU81|Q9UT52|3.37
P87244|Q9UT52|3.37
P87244|Q9P7R5|3.37
P87074|P09322|3.37
P39964|O13606|3.37
Q10325|Q9P6N2|3.37
Q10325|O94436|3.37
O13985|P40381|3.37
Q10426|P04913|3.37
O13985|Q03392|3.37
O94267|P09988|3.37
Q9UUE5|O43044|3.37
O13988|Q10432|3.37
Q9Y817|Q9Y709|3.37
Q10099|O43044|3.37
Q9UTG2|Q9P7H1|3.37
P78958|O14299|3.37
O94282|Q10119|3.37
Q9UT08|P36580|3.37
Q9UT08|P78958|3.37
O74856|P36603|3.37
P39964|O94508|3.37
Q9UT79|P23566|3.37
O60132|O74304|3.37
Q1MTN3|O14064|3.37
Q09811|Q92372|3.37
Q9P6S5|Q9HDZ6|3.37
O74824|P87141|3.37
O13339|O74804|3.37
O42874|P79065|3.37
Q9UUL2|O14129|3.37
Q10223|O13790|3.37
Q01112|O74562|3.37
P39964|O59733|3.37
O42874|Q10113|3.37
P50531|O94449|3.37
P50531|O94697|3.37
P87053|Q10424|3.37
P39964|O14161|3.37
P04913|O59676|3.37
O14318|P14068|3.37
Q9P3W5|O94600|3.37
P23566|Q9UUI2|3.37
O94260|Q09757|3.37
P39964|O43031|3.37
Q9P3W5|O94729|3.37
O13290|O42874|3.37
P39964|Q9UU80|3.37
P39964|Q09909|3.37
P39964|Q9USK4|3.37
P48011|Q9P3W1|3.37
Q9UT79|Q9P790|3.37
P48011|O94424|3.37
Q9USV3|P39964|3.37
Q9P3W5|O74184|3.37
Q10159|P22193|3.37
Q9Y7K2|O74428|3.37
Q9Y7K2|Q9HDW0|3.37
O14185|Q10434|3.37
O60016|O14122|3.37
O13682|Q9P790|3.37
O94260|Q09781|3.37
O60016|Q10426|3.37
O14188|O59945|3.37
Q9UTR4|P87027|3.37
Q09823|Q9USR4|3.37
Q09823|Q9HGN4|3.37
Q09823|O59855|3.37
Q09823|O94383|3.37
Q09823|O42649|3.37
Q09823|Q9URV2|3.37
Q09823|O14029|3.37
Q09823|O74842|3.37
Q01112|Q10339|3.37
Q9P790|Q9P790|3.37
Q9UTR1|P36594|3.37
O94494|Q10290|3.37
O94494|Q9C0W0|3.37
O74653|O94532|3.37
O94494|O94643|3.37
O14148|O94436|3.37
Q10290|P87227|3.37
Q09722|P87048|3.37
O94285|P41004|3.37
O94285|Q9P6R0|3.37
Q10290|O94643|3.37
Q10103|O94687|3.37
Q10103|O74957|3.37
Q9UUM2|O14350|3.37
O74825|P78958|3.37
O74825|P50522|3.37
O74825|P10989|3.37
O14459|Q10270|3.37
O94701|O94701|3.37
P87154|Q9UTR1|3.37
Q09733|P78953|3.37
Q10173|Q9P6M3|3.37
Q9P7H1|P42656|3.37
O94701|P36602|3.37
O75004|Q03392|3.37
Q9Y738|Q9UST6|3.37
O94701|O60060|3.37
O75004|O60182|3.37
Q9Y738|Q10430|3.37
P38937|P23566|3.37
O94260|O74175|3.37
O59757|Q9UST6|3.37
O59757|Q9P6M3|3.37
O59757|Q10430|3.37
O14356|O74547|3.37
O94701|P52808|3.37
O14417|P87227|3.37
O42839|O42839|3.37
O74560|O13959|3.37
P50582|P40381|3.37
O59836|P40381|3.37
O13816|O59836|3.37
O13816|P40381|3.37
O74560|P42656|3.37
O74560|O74910|3.37
O94260|Q9P784|3.37
O74511|P36614|3.37
P41889|O13916|3.37
O94260|P36584|3.37
Q9USV1|Q10134|3.37
Q9USV1|O13614|3.37
Q9USV1|O74895|3.37
O59835|P30316|3.37
O59835|P87324|3.37
O94701|P36591|3.37
Q9HFE8|O94729|3.37
P50998|Q5FC18|3.37
P50998|Q09869|3.37
P50998|O60171|3.37
Q9USV1|O14339|3.37
O42709|O59836|3.37
P87130|O94618|3.37
P87061|O60132|3.37
P50998|Q9USW9|3.37
O94532|O60132|3.37
O60132|P79065|3.37
O94532|P87061|3.37
P50998|O14311|3.37
P50998|Q9P7J7|3.37
P50998|O74462|3.37
P50998|Q09738|3.37
P79011|Q02061|3.37
Q9Y709|O59671|3.37
Q9Y709|O13795|3.37
P50998|O14174|3.37
P50998|O60097|3.37
Q9Y709|O94334|3.37
Q9HFE8|O94600|3.37
Q09191|P79011|3.37
Q10336|Q9Y705|3.37
Q10336|P87245|3.37
Q10336|Q10336|3.37
Q10336|O94488|3.37
O14140|P50524|3.37
O14140|O42897|3.37
O14140|O74440|3.37
O14140|Q9UUB6|3.37
P48011|P79011|3.37
O74560|Q9UTR1|3.37
O94687|O74957|3.37
P49777|O59702|3.37
O42839|O14417|3.37
O74910|O14122|3.37
O74910|Q9HDV4|3.37
Q10289|Q9HDV4|3.37
Q10426|Q9HDV4|3.37
Q9HFE8|Q7LL15|3.37
Q9HDV4|O14122|3.37
P32372|O94733|3.37
Q9UUB7|O94640|3.37
Q9USV1|Q9USP6|3.37
Q9USV1|O42699|3.37
Q9USV1|P05732|3.37
Q9USV1|P79071|3.37
Q9USV1|O42984|3.37
Q9USV1|Q09900|3.37
Q9USV1|P78780|3.37
O94276|O14399|3.37
O94276|O60016|3.37
O94276|Q10426|3.37
O94276|O74560|3.37
O94276|O74957|3.37
O60016|O74957|3.37
O94276|O74910|3.37
Q10103|O14227|3.37
O13684|Q9UUB5|3.37
O13684|Q9USR9|3.37
O42839|O59767|3.37
P29458|P50582|3.37
O75001|O42709|3.37
O43071|O14036|3.37
O43071|Q9P7R9|3.37
O74560|P87154|3.37
O13988|O14246|3.37
O43071|O74966|3.37
O43071|O42661|3.37
O14098|Q9USJ8|3.37
O43071|O14097|3.37
O43071|Q09882|3.37
O43071|O42945|3.37
O43071|Q9P774|3.37
O43071|O60141|3.37
Q9HFE8|Q5FC18|3.37
Q9USV1|Q9URX6|3.37
O14011|O14161|3.37
O14011|O13900|3.37
O14011|O94316|3.37
O14011|O74370|3.37
O14011|Q9P7R9|3.37
O14011|Q9P6R9|3.37
O14011|O42661|3.37
Q10426|Q10103|3.37
O14011|O42643|3.37
O14011|O59733|3.37
O14011|Q9UU80|3.37
O14011|P78794|3.37
O14011|O74966|3.37
Q9HFE8|Q09869|3.37
P87154|P41005|3.37
Q9USV1|Q9UTN2|3.37
O14011|O94508|3.37
O14011|Q09909|3.37
O59757|P04689|3.37
Q9HFE8|O60171|3.37
O14011|Q9UUC6|3.37
O14011|O94417|3.37
O14011|O59800|3.37
O14011|O74772|3.37
O14011|O59706|3.37
O14011|Q10178|3.37
O14011|P87126|3.37
O14011|Q9USV3|3.37
O14011|Q10163|3.37
O14011|Q9Y805|3.37
O14011|Q9USZ3|3.37
O14011|Q9P7C5|3.37
O43068|Q9P7H1|3.37
O14011|O59670|3.37
Q9USV1|P28189|3.37
O14011|Q09882|3.37
O14011|O14306|3.37
O14011|Q9P774|3.37
O14011|O42945|3.37
O14011|Q9P7R6|3.37
O14011|O60141|3.37
O14011|Q9UT88|3.37
P87126|O59733|3.37
P87126|Q9USZ3|3.37
P87126|Q09882|3.37
P87126|Q9P774|3.37
P87126|O60141|3.37
O14097|Q09882|3.37
Q9P7H6|Q09685|3.37
O14011|Q09685|3.37
Q9USV3|P87126|3.37
O14011|O74517|3.37
O14011|O14097|3.37
O14097|Q09685|3.37
O94477|P79065|3.37
O94701|P56289|3.37
O74991|Q9URT4|3.37
Q9URT4|P50582|3.37
P42656|Q10475|3.37
P42656|O74760|3.37
P42656|Q09822|3.37
P42656|P87048|3.37
P42656|P36602|3.37
P42656|Q10425|3.37
P42656|Q10265|3.37
P42656|O59855|3.37
P42656|Q9UTM3|3.37
P42656|Q9P7S2|3.37
Q9HFE8|Q9USW9|3.37
P42656|O14140|3.37
Q9USX3|O13710|3.37
Q9USX3|P53692|3.37
Q9P6Q6|O13936|3.37
Q9USV1|Q9P3T6|3.37
Q9USV1|O74892|3.37
Q9USV1|O13791|3.37
Q9USV1|O74329|3.37
P78789|O74536|8.67775
P39964|P87126|8.67775
P39964|Q9P7R9|8.67775
P39964|O14011|8.67775
P39964|O13615|8.67775
P39964|O59800|8.67775
P39964|P87312|8.67775
P39964|O14187|8.67775
P87312|Q9P7R9|8.67775
P87312|O13615|8.67775
O13615|Q9P7R9|8.67775
P39964|Q9Y7Y2|8.67775
P39964|Q9UUI3|8.67775
P39964|O59734|8.67775
P39964|O94417|8.67775
O94620|P39964|8.67775
P39964|Q09882|8.67775
O74370|P39964|8.67775
Q10159|Q03392|8.67775
P40377|Q9UUM2|8.67775
O59740|P87061|8.67775
P36592|O13351|8.67775
P40984|P36592|8.67775
O94668|O13710|8.67775
O94668|P53692|8.67775
P53692|O13688|8.67775
O13710|O13688|8.67775
P53692|Q6BDR8|8.67775
Q10315|P87154|8.67775
P41412|P36630|8.67775
Q9P3A7|O94298|8.67775
O42667|O13290|8.67775
P41005|P78972|8.67775
P10815|P78972|8.67775
P41005|O94423|8.67775
P10815|O94423|8.67775
O94740|P04551|8.67775
P87060|P41411|8.67775
O94684|P36613|8.67775
P87303|O74366|8.67775
O94684|P26659|8.67775
P40380|P36630|8.67775
P41411|O14170|8.67775
P49731|O74113|8.67775
O14170|P40380|8.67775
Q9Y709|O13959|8.67775
O13959|P87060|8.67775
O13959|O13790|8.67775
O13959|O14170|8.67775
O74358|P41889|8.67775
O42839|P10505|8.67775
O42839|O94556|8.67775
O42839|P41889|8.67775
P87060|P36630|8.67775
P87060|P40380|8.67775
Q9UT49|P31209|8.67775
P87314|P87315|8.67775
O13759|Q09868|8.67775
Q9UUE5|Q9UTK4|8.67775
O74558|O13310|8.67775
Q9UST7|O60174|8.67775
Q9UST7|O74458|8.67775
Q9UST7|O14229|8.67775
O14417|P78972|8.67775
O59767|O14417|8.67775
O59767|P78972|8.67775
O59767|O42860|8.67775
Q9UUM7|Q01112|8.67775
Q9P3W5|Q02099|8.67775
Q9P3W5|O74630|8.67775
Q9P3W5|O14356|8.67775
Q9P3W5|Q9HFE8|8.67775
Q9P3W5|Q9Y7K2|8.67775
Q9Y7K2|P87141|8.67775
Q9Y7K2|O74184|8.67775
Q9Y7K2|P40231|8.67775
Q9Y7K2|O94600|8.67775
O14356|Q9P7Y9|8.67775
O14356|O74184|8.67775
O14356|O94600|8.67775
O14356|P50527|8.67775
O14356|P40231|8.67775
Q09142|P41411|8.67775
Q9USV1|O13370|8.67775
Q9USV1|P24782|8.67775
Q9USV1|Q09868|8.67775
Q9USV1|O59855|8.67775
Q9USV1|O42923|8.67775
Q9USV1|Q10284|8.67775
P32372|Q02099|8.67775
P32372|O94263|8.67775
P09988|P41391|8.67775
O94436|P17871|8.67775
P78963|O13310|8.67775
O94444|O74762|8.67775
O94444|P41889|8.67775
O42709|P50582|8.67775
O42709|P30666|8.67775
O42709|P40377|8.67775
P42656|P06652|8.67775
P42657|P06652|8.67775
O94444|P50524|8.67775
P78963|P04551|8.67775
O94444|P41878|8.67775
Q09142|Q09142|8.67775
P37382|O94416|8.67775
P37382|O94424|8.67775
P41004|Q10429|8.67775
P41003|Q9Y7R3|8.67775
P41003|Q10429|8.67775
P41411|P10815|8.67775
P41411|P36630|8.67775
O74473|P04551|8.67775
Q9Y705|O94488|8.67775
O94360|P05933|8.67775
Q9UUB6|P87048|8.67775
O13282|O13701|8.67775
Q01112|O14343|8.67775
Q01112|O59751|8.67775
P41889|P78972|8.67775
P41889|O14417|8.67775
P30666|O74113|8.67775
P29458|O74113|8.67775
O75001|O74113|8.67775
O74113|P41389|8.67775
O60104|O94646|8.67775
O60104|P37382|8.67775
O74113|P28040|8.67775
P28040|O74761|8.67775
Q10134|Q10134|8.67775
O94444|Q9UUB6|8.67775
P41878|Q9UUB6|8.67775
P39964|Q10163|8.67775
P39964|O42661|8.67775
P39964|O14036|8.67775
P39964|Q9UUC6|8.67775
P39964|O74966|8.67775
P39964|O59706|8.67775
P39964|Q9P7L8|8.67775
P39964|O13900|8.67775
P39964|Q9UTT2|8.67775
P39964|Q10178|8.67775
P39964|Q7LL14|8.67775
P39964|O94290|8.67775
P39964|Q9UT24|8.67775
P39964|O43071|8.67775
P39964|O42643|8.67775
P39964|P78794|8.67775
P39964|Q9P6R8|8.67775
P39964|O42941|8.67775
P39964|O74772|8.67775
P39964|Q9P7C5|8.67775
Q09191|O94424|8.67775
O94436|O94436|8.67775
O94436|O94424|8.67775
O13282|O94436|8.67775
O74319|O94436|8.67775
O14459|Q09191|8.67775
O14459|P48011|8.67775
O14459|O13877|8.67775
Q10173|O59757|8.67775
Q10173|Q10430|8.67775
Q9Y738|O59757|8.67775
Q9Y738|Q10198|8.67775
O59757|Q10198|8.67775
Q10426|P42656|8.67775
P42657|O74957|8.67775
P42656|O74957|8.67775
Q9UUB7|O42634|8.67775
Q9USV1|O42634|8.67775
Q9UUB7|P36601|8.67775
O59836|P50582|8.67775
Q9USM3|Q9USM3|8.67775
P10505|P87154|8.67775
O74531|O13790|8.67775
Q09760|P36612|8.67775
Q09760|P46595|8.67775
Q09760|O42931|8.67775
Q09760|P41836|8.67775
Q09760|O74341|8.67775
Q09760|O74881|8.67775
Q09760|P50999|8.67775
Q09760|O13959|8.67775
Q09760|P78921|8.67775
Q10225|Q09760|8.67775
Q10225|O13959|8.67775
O94308|Q10990|8.67775
O13807|Q10990|8.67775
O94308|O13807|8.67775
O94603|Q10990|8.67775
O43071|O94508|8.67775
O43071|Q9USX8|8.67775
O43071|O14187|8.67775
O43071|O59734|8.67775
O43071|Q9UT24|8.67775
O75002|P28748|8.67775
O14157|O74756|8.67775
Q09811|O60126|8.67775
Q10366|Q09196|8.67775
O74718|P79063|8.67775
P35669|P35669|8.67775
Q9Y794|P54789|8.67775
Q9Y794|Q10067|8.67775
Q9Y794|O43114|8.67775
O74796|P54789|8.67775
O74718|Q9USL5|8.67775
Q09196|Q9USI6|8.67775
Q09196|O14157|8.67775
P79083|O94513|8.67775
Q10235|P04689|8.67775
P05933|Q92351|8.67775
O74562|O74846|8.67775
O74562|O13705|8.67775
O74562|Q10339|8.67775
Q9HFR0|O94308|8.67775
Q9HFR0|O13895|8.67775
P36583|Q10281|8.67775
P23636|P78759|8.67775
P05764|Q9P546|8.67775
Q09715|Q9UUG8|8.67775
P41889|O13286|8.67775
P87141|P36631|8.67775
P87323|O14299|8.67775
P78795|P79083|8.67775
P07527|P41887|8.67775
P07527|Q11118|8.67775
P30290|Q11118|8.67775
O60079|O94454|8.67775
O13782|O60052|8.67775
Q9Y8G3|P41838|8.67775
Q9UUG5|Q9USI6|8.67775
Q9UUG5|O14157|8.67775
Q9UUG5|Q09196|8.67775
Q9HGK2|Q09739|8.67775
P40387|O42893|8.67775
O42893|O42893|8.67775
P40387|P40387|8.67775
P40387|P78875|8.67775
O42893|P78875|8.67775
P87049|O74456|8.67775
O14019|O42844|8.67775
Q04665|P14605|8.67775
Q9URV9|O74887|8.67775
Q09811|P07799|8.67775
O43043|Q9UUD1|8.67775
Q9USI6|O14008|8.67775
P48008|O36023|8.67775
P48008|P48009|8.67775
P48009|O36023|8.67775
P48009|Q09116|8.67775
Q09116|O36023|8.67775
O36023|O36023|8.67775
Q09116|Q09116|8.67775
P48008|P48008|8.67775
P48009|P48009|8.67775
O60184|Q09715|8.67775
O60184|Q9UUG8|8.67775
Q92398|Q10407|8.67775
O94513|O14164|8.67775
Q12381|O42904|8.67775
O43086|Q09843|8.67775
O43086|O14003|8.67775
O43086|O94449|8.67775
O43086|O94697|8.67775
O13898|Q9C100|8.67775
O13792|Q09330|8.67775
Q09330|P41838|8.67775
O13792|P41838|8.67775
Q9Y8G3|Q09330|8.67775
Q09722|Q10425|8.67775
Q09722|O14164|8.67775
Q09722|Q9UT48|8.67775
Q09722|P79083|8.67775
Q09722|O43060|8.67775
O94513|O43060|8.67775
O94513|Q9UT48|8.67775
O94513|Q09722|8.67775
Q10305|P17610|8.67775
Q10407|P36583|8.67775
O74398|Q9UUG5|8.67775
O14329|Q9HGQ3|8.67775
O74803|P0CG72|8.67775
Q10233|O13896|8.67775
Q9Y802|P87233|8.67775
Q9Y802|Q10135|8.67775
Q10135|Q9US25|8.67775
Q10135|O60176|8.67775
Q10135|Q09908|8.67775
Q10164|Q10133|8.67775
Q10164|Q01112|8.67775
O13985|Q9Y825|8.67775
O94267|P09322|8.67775
P28748|O42861|8.67775
O94282|Q9UUC7|8.67775
Q10135|P87233|8.67775
Q9Y802|Q09908|8.67775
O74887|O74887|8.67775
O14064|O59790|8.67775
Q9HE04|Q9Y7U6|8.67775
Q01112|Q9Y7U6|8.67775
Q09914|P40995|8.67775
Q10133|P40995|8.67775
O13928|P40995|8.67775
Q874R1|P40995|8.67775
Q9HE04|P40995|8.67775
Q01112|P40995|8.67775
Q9USQ1|O94697|8.67775
Q9USQ1|O94449|8.67775
P54789|P41411|8.67775
P36606|P36606|8.67775
Q09917|Q9UT00|8.67775
Q9UUI2|O74563|8.67775
Q9UUI2|Q1MTQ0|8.67775
Q9UT79|O13682|8.67775
Q9UT79|Q9C0X6|8.67775
Q9UT79|O94692|8.67775
Q9UT79|P10989|8.67775
Q9UT79|Q9P7X7|8.67775
Q9UT79|O94241|8.67775
Q9UT79|O14308|8.67775
Q9UT79|P48003|8.67775
O13682|O13682|8.67775
O13682|Q9C0X6|8.67775
O13682|O94692|8.67775
O13682|P10989|8.67775
O13682|Q9P7X7|8.67775
O13682|O94241|8.67775
O13682|O14308|8.67775
O13682|P48003|8.67775
Q9P790|Q9P7X7|8.67775
Q9P790|O94241|8.67775
Q9P790|P10989|8.67775
Q9UT79|Q9UT79|8.67775
O14148|Q9P7X7|8.67775
O14148|Q9UTE8|8.67775
Q9UTN3|O13370|8.67775
Q6BDR8|Q53EK2|8.67775
Q9Y7U4|P53692|8.67775
P53692|Q53EK2|8.67775
O13710|Q53EK2|8.67775
O13710|Q4PIR3|8.67775
P38937|P50524|8.67775
P38937|P41878|8.67775
O74319|P17871|8.67775
O74319|O13701|8.67775
O74319|Q09813|8.67775
O13282|Q09813|8.67775
O13282|P17871|8.67775
O13282|Q9UUK2|8.67775
P17871|O13701|8.67775
P17871|Q09813|8.67775
Q9USV1|P36601|8.67775
Q9Y709|P36613|8.67775
Q12126|O94684|8.67775
O13919|O14021|8.67775
O13919|O13953|8.67775
O13953|O14021|8.67775
O59702|Q09750|8.67775
O13710|Q6BDR8|8.67775
Q9Y738|Q10173|8.67775
P87130|Q9USM7|8.67775
P87130|O13636|8.67775
Q9Y7Z8|O36027|8.67775
O74469|P41003|8.67775
Q9Y709|Q9USU3|8.67775
O14140|O74762|8.67775
O14140|P87048|8.67775
O94444|P87048|8.67775
P09988|Q9HDV4|8.67775
P10651|Q9HDV4|8.67775
O94547|Q09892|8.67775
O43071|P87312|8.67775
O43071|O94316|8.67775
O43071|O14102|8.67775
O14011|O59734|8.67775
O14011|O14187|8.67775
O14011|Q9UT24|8.67775
O14011|P87312|8.67775
O14011|Q9USX8|8.67775
O14011|O14102|8.67775
O14011|Q9P7C7|8.67775
P37202|O14327|8.67775
Q10146|O14327|8.67775
Q10156|Q09715|8.67775
Q10156|Q9UUG8|8.67775
P40997|O13936|8.67775
P48010|O60165|8.67775
P48010|Q09116|8.67775
P48010|Q09883|8.67775
O94446|O42871|8.67775
Q9UTN3|O14232|8.67775
Q9P795|O14232|8.67775
Q9UTN3|P57728|8.67775
Q9UTN3|O14388|8.67775
Q9UTN3|O60143|8.67775
Q9UTN3|O74836|8.67775
Q9UTN3|Q9US22|8.67775
Q9UTN3|P25457|8.67775
Q9UTN3|O59865|8.67775
Q9UTN3|O59675|8.67775
Q9UTN3|O13784|8.67775
Q9UTN3|Q09757|8.67775
Q9UTN3|O74895|8.67775
Q9P795|P25457|8.67775
Q9P795|P00332|8.67775
Q9P795|P57728|8.67775
Q9UTN3|P24782|8.67775
Q9UTN3|O14236|8.67775
O13808|Q9UUJ1|8.67775
O13808|P32390|8.67775
O13808|O14241|8.67775
O14302|P87140|8.67775
O14356|P87141|8.67775
Q9Y7K2|Q09743|8.67775
O14356|Q09743|8.67775
Q10432|P41003|8.67775
P17608|O74184|8.67775
Q9P7N3|O94655|8.67775
P24339|Q09884|8.67775
O74309|O74894|8.67775
O74309|P36591|8.67775
O74309|P05219|8.67775
O74309|Q9P3A7|8.67775
O74309|O14126|8.67775
O74309|O74445|8.67775
P26306|P50531|8.67775
Q92353|O14126|8.67775
Q92353|O74445|8.67775
Q92353|O74894|8.67775
Q92353|Q9UTM3|8.67775
Q92353|O43063|8.67775
Q92353|O94517|8.67775
Q92353|Q9UT97|8.67775
Q92353|O14250|8.67775
Q09738|O94397|8.67775
Q09738|Q9USW9|8.67775
Q9P7V9|Q09731|8.67775
Q9P7V9|Q10437|8.67775
Q9UUD6|O14217|8.67775
P41878|O74445|8.67775
P41878|O14126|8.67775
P41878|O74894|8.67775
P41878|O43063|8.67775
P41878|O94517|8.67775
P41878|P30655|8.67775
P41878|Q9UT97|8.67775
P41878|Q10329|8.67775
P41878|O94579|8.67775
P41878|Q9UQY2|8.67775
P41878|O14250|8.67775
P41878|Q9USQ9|8.67775
P41878|Q09841|8.67775
P41878|Q09682|8.67775
P41878|O59770|8.67775
P41878|Q09720|8.67775
P41878|Q9Y7T8|8.67775
Q9P7I3|Q9P7I3|8.67775
Q9P7I3|Q09748|8.67775
Q9USZ8|Q9P7I3|8.67775
O74515|P09322|8.67775
O74515|O74309|8.67775
O74515|O43083|8.67775
Q09790|O13928|8.67775
O43079|O13928|8.67775
Q9UU81|O13928|8.67775
Q9US51|O13993|8.67775
O42936|Q10272|8.67775
Q10272|Q9UU96|8.67775
Q10272|O94718|8.67775
Q09330|Q9Y7R7|8.67775
Q09330|Q9UT32|8.67775
Q09330|Q9UTN3|8.67775
Q09330|O13370|8.67775
Q09330|P40383|8.67775
Q09330|Q09916|8.67775
Q09330|O14232|8.67775
Q09330|Q9P7G0|8.67775
Q09330|O13741|8.67775
Q09330|Q09100|8.67775
Q09330|Q9UUG1|8.67775
Q09330|O74476|8.67775
Q09330|P87058|8.67775
Q09330|Q09799|8.67775
Q09330|O74399|8.67775
Q09330|O74400|8.67775
Q09330|P78814|8.67775
Q09330|Q09820|8.67775
Q09330|O14053|8.67775
Q9UTN3|Q9Y7Y3|8.67775
Q9UTN3|O74399|8.67775
Q9UTN3|O74400|8.67775
Q9UTN3|O74958|8.67775
Q9UTN3|O74791|8.67775
Q9UTN3|O13741|8.67775
Q9UTN3|O13945|8.67775
Q9UTN3|Q09100|8.67775
Q9UTN3|O14369|8.67775
Q9UTN3|P78814|8.67775
Q9UTN3|P79083|8.67775
Q9UTN3|Q9UUI4|8.67775
Q9UTN3|O74978|8.67775
Q9UTN3|O74835|8.67775
Q9UTN3|O94365|8.67775
Q9UTN3|Q9URY0|8.67775
Q9UTN3|O74855|8.67775
Q10064|O14308|8.67775
Q10064|O74350|8.67775
Q10064|O94446|8.67775
Q9HFE8|P87152|8.67775
Q9HFE8|O13282|8.67775
Q9HFE8|Q9UUK2|8.67775
Q9HFE8|O94692|8.67775
Q9HFE8|Q9C0X6|8.67775
P50998|O13282|8.67775
P50998|O94692|8.67775
P50998|Q9C0X6|8.67775
Q9HFE8|Q9UTR9|8.67775
O14008|Q10366|8.67775
Q02088|Q02088|8.67775
P0CG72|Q10199|8.67775
O94701|Q10199|8.67775
P40376|P36600|8.67775
O94450|P49731|8.67775
O94450|O75001|8.67775
O94450|P30666|8.67775
O13615|O13845|8.67775
O13615|O74968|8.67775
O13845|O74968|8.67775
Q10362|O74845|8.67775
Q10369|O74845|8.67775
Q10369|Q10362|8.67775
Q10325|O74759|8.67775
P09988|Q09948|8.67775
O74824|O74544|8.67775
O13955|O74824|8.67775
O94477|P17610|8.67775
Q9UT08|P23636|8.67775
Q9UT08|P23635|8.67775
Q9UT08|Q9P7H4|8.67775
Q9UT08|P41891|8.67775
Q9UT08|P35551|8.67775
O13790|O74991|19.595
Q9HGP5|Q10434|66.03515
P78955|P26306|66.03515
Q9P6M1|Q9P6M1|66.03515
Q9Y7J4|P32390|66.03515
Q9P795|Q9P795|66.03515
Q10173|Q9UST6|66.03515
Q9Y709|O60053|66.03515
P42656|P42656|66.03515
P23566|O74563|66.03515
O13696|Q9USP8|170.04051125
O74319|O13282|170.04051125
P28040|O74946|170.04051125
P53692|O13710|170.04051125
P87049|P04551|170.04051125
P41892|P41892|170.04051125
P87027|P41892|170.04051125
Q09170|Q09170|170.04051125
O43071|O94620|170.04051125
O43071|O14011|170.04051125
O43071|O13615|170.04051125
Q9P7W4|O13790|170.04051125
O74381|O13790|170.04051125
P87060|P87060|170.04051125
P10815|P04551|170.04051125
P87053|O13790|170.04051125
O59751|O59751|170.04051125
P10505|P10505|170.04051125
O94556|O94556|170.04051125
P41889|P41889|170.04051125
Q9Y7Z8|Q9UUJ1|170.04051125
Q9Y7Z8|P32390|170.04051125
O94740|P41887|170.04051125
P39964|P39964|170.04051125
Q09191|Q09191|170.04051125
Q02099|Q02099|170.04051125
O74825|O14459|170.04051125
O75001|O75001|170.04051125
O13615|Q9UTT2|170.04051125
O14248|P87061|170.04051125
P40996|P40996|170.04051125
P33520|P41412|170.04051125
P29458|P41389|170.04051125
P30666|P49731|170.04051125
P87060|O13790|170.04051125
Q9HDV4|Q9HDV4|170.04051125
Q9Y7R4|Q9Y7R4|170.04051125
Q9Y7Z8|P05933|170.04051125
P41412|P41412|170.04051125
P08463|P04551|170.04051125
Q9UT81|Q9P3A7|170.04051125
Q9UUJ1|Q10316|170.04051125
O14048|Q9P3A7|170.04051125
O94449|Q09843|170.04051125
P49731|P41389|170.04051125
O74515|P09988|170.04051125
P10989|P78929|170.04051125
P01129|P33520|170.04051125
O43120|Q09176|170.04051125
P10989|P10989|170.04051125
P42656|P42657|170.04051125
P41878|O74440|170.04051125
Q9P7N4|O94642|170.04051125
O74309|O74309|170.04051125
Q9UTN3|Q9UTN3|170.04051125
Q9UTN3|Q9P795|170.04051125
O14011|Q9UTT2|170.04051125
O14011|O94620|170.04051125
O14011|O13615|170.04051125
Q9Y7R4|Q9HDV4|170.04051125
Q9Y709|O13790|170.04051125
Q9UT08|Q10428|170.04051125
Q10099|Q9UTK4|170.04051125
Q10099|Q9UUE5|170.04051125
Q9Y709|Q09855|170.04051125
Q9Y709|O74381|170.04051125
Q9Y709|P87060|170.04051125
Q9Y7Z8|Q09822|170.04051125
P50998|P50998|170.04051125
O14188|P05933|170.04051125
P30776|O42649|170.04051125
O42649|O94383|170.04051125
P87061|P87061|170.04051125
O94449|O60182|170.04051125
P50527|P04551|170.04051125
O94449|O94697|170.04051125
O13759|O42923|170.04051125
P36594|O74825|170.04051125
O94449|O14003|170.04051125
Q10426|O14122|170.04051125
P36630|P04551|170.04051125
O14170|O14170|170.04051125
O14170|O13790|170.04051125
O14170|P87060|170.04051125
